Id,Predicted
1,-0.7111748807362125
2,0.4104071082201718
3,-4690.001890333326
4,0.5456851612475933
5,0.08839440525930783
6,0.8484382729244949
7,-1.981384596478039
8,-0.6725711891554759
9,4226.24057144444
10,-1.4729492125674566
11,0.5271461811594405
12,-0.3626040167252043
13,-1351.1674362222245
14,0.6806503719094823
15,-7292.691631000002
16,0.17209584160087124
17,-300.1276475555549
18,-2.117722688439079
19,-2906.5711012222196
20,-8930.283891
21,-3141.607149777779
22,-7694.462881111108
23,0.19463028093054557
24,-1.4591141511504575
25,-0.21342640818083422
26,-0.1034526152342181
27,1.2685345777895662
28,-0.872053548778196
29,-2474.2961454444458
30,0.6439080653045847
31,-25062.706528222232
32,4.639312159851641
33,2.235058470866517
34,-0.023536752083609277
35,-0.7399068314187481
36,0.6008350473603968
37,1.0073787541191017
38,-27.69967991031342
39,2.1574630584454986
40,-2062.7818899999993
41,-0.07274296912156425
42,-7494.612907999998
43,-0.40101424252211126
44,-1953.3383849999998
45,0.15061017450796582
46,-6560.465454555559
47,2.2280587940574543
48,-7380.9454243333275
49,1.3392983297100067
50,-6358.039577444449
51,0.14095802872942953
52,0.18764115403471343
53,0.9481382947290867
54,-0.10864573747638905
55,-0.6009288147688548
56,-8568.792075666677
57,233.55761677777767
58,0.6105040442060359
59,-0.6116046104813477
60,-1.0760958386384447
61,-8356.44980088888
62,0.3648406647399725
63,1.4157231764057485
64,-2060.42859777778
65,2893.2110734444527
66,1.7192847562446674
67,-0.38311230638909466
68,0.15026589852081607
69,30.131610063666386
70,-28794.52517799999
71,-7534.4909220000145
72,0.5069349784412722
73,0.5619160053142852
74,0.06445951783387424
75,0.08908638987841298
76,-0.09332099382517725
77,-0.32345442893659887
78,592.1578152222226
79,0.4831740076355551
80,-0.16530563707694634
81,-0.7500047927791925
82,-0.21025524776955615
83,0.3728925517825659
84,0.7177993990168455
85,0.7125900120104338
86,-23388.049818777836
87,1.7130720405147453
88,-0.8931098469180027
89,0.2624251231507427
90,0.47424899417095745
91,1719.043633777781
92,-25355.320523777817
93,0.22908001436851877
94,-5306.195059888869
95,0.8704169959051404
96,-0.6334897056278922
97,-1099.8723107777748
98,0.773166922494093
99,-0.38573943313129266
100,1.1488178425438527
101,1.0239617919203639
102,-612.4195304713143
103,-0.5690362628622365
104,0.6364082062004028
105,-0.4342832692278845
106,0.6705322836367353
107,-10791.610581333354
108,-0.08290794666963598
109,1.1547904653016574
110,-1555.37494488889
111,0.19375935134773656
112,-0.16883620367385255
113,-0.9791779889722502
114,0.7178369791660854
115,0.2876573982457915
116,-0.4466683482654017
117,-0.2864917407376635
118,0.3547239446193739
119,-5011.24823588888
120,-0.2286194996588272
121,-4689.388508222215
122,-22347.708453444393
123,-0.43843913392876155
124,-9324.630089111111
125,0.5823268385380165
126,-0.12616210446285187
127,-1232.3618741111104
128,-8768.298079444461
129,-2743.330184111114
130,0.4075563653705101
131,-12148.599434666658
132,2493.8487505555563
133,-2390.1340278888815
134,1064.0534998888882
135,-922.490513999999
136,-8502.064421000001
137,-1.1094716769800945
138,1.15458771991648
139,-8013.708377777778
140,1.3828554368639294
141,32.06290761099369
142,-1307.7913127777772
143,-1.2411917103304717
144,-1533.3519561111077
145,-0.15556858575341184
146,0.0181567089298941
147,-7334.098366666671
148,-1696.562830111111
149,0.1809564058531691
150,-21133.380544444408
151,3337.329393062604
152,0.8911183882959739
153,0.7056383135643821
154,-1118.3183223333322
155,-1.0697313235729369
156,-1.0285531885138932
157,-13959.946145888885
158,871.8611423966714
159,0.6230717854366863
160,-0.1053558604328756
161,-2223.4766508888933
162,-8006.928027333345
163,-0.6204748474087622
164,1.7065303916940635
165,-11518.023619333355
166,0.6910644411260617
167,43.20734484871954
168,329.1026871111115
169,-0.09582808734374322
170,-0.4168383553897057
171,0.9455492845283319
172,0.14552418604029932
173,-4811.836742333322
174,-0.37653116341462894
175,-0.13395550747977694
176,-0.54572614691922
177,0.24114046281372234
178,-5191.624913444438
179,0.6635619586240339
180,-2021.8403687777802
181,0.8914573996970793
182,0.8788852471491257
183,-0.47619741895963846
184,0.18505989754042135
185,-0.14748771541439867
186,-281.60737055555535
187,0.3691596806181955
188,-0.24769256475757861
189,0.2669096982398147
190,-0.06315303792165301
191,-7051.302044555559
192,-0.21279283779617109
193,-2023.6258153333345
194,-0.5116736222726228
195,-694.856014666668
196,-4973.623106555554
197,0.046576780683695404
198,28.96353834267216
199,-3551.8589098888892
200,-1998.9934785555597
201,-0.4710587492789285
202,0.7054241208034229
203,-34666.93524555556
204,0.17824358329592602
205,-10096.558772666647
206,-0.8571800939454438
207,-0.46402133034524723
208,-0.4709499480088748
209,-0.8288494883440453
210,-0.25393993191197983
211,1.4488499630674971
212,0.10905034678028487
213,-26948.199184222245
214,-7502.995204000003
215,0.6757881207289266
216,-1.1304372599554424
217,0.022894158758785532
218,-0.3771690300102123
219,0.1485354901222516
220,-1.3492552183773106
221,-0.10295082792045
222,-13629.416576666694
223,-28644.578758777763
224,-0.41577580490510174
225,2.18312082073828
226,0.5329507429267221
227,-0.0744474520334488
228,806.7975523104628
229,0.6633378667635458
230,1.4363936659925616
231,0.40489054394583845
232,-4208.9601405555495
233,-0.2968560651367223
234,3.0875148325900152
235,-4127.16482277777
236,-9857.515007111073
237,-0.31635936797774755
238,-4486.796395111112
239,0.6221479851502404
240,-0.21835302158094172
241,-1.2067184334926555
242,-3330.007458999997
243,-16806.64736188893
244,-1112.003504333333
245,0.018904787635894444
246,-1.220325061607618
247,0.3130784314633919
248,105.47591108832725
249,-0.699921102631787
250,-545.3567014444445
251,-426.75146150759605
252,0.6068851956488179
253,-4749.255483555552
254,-2095.1567197777795
255,-0.05839488463335737
256,-8002.460106777791
257,0.028519766977687114
258,0.92346609587386
259,-1.1908297304853106
260,-0.21201835954493145
261,-3994.2867254444477
262,-0.4860616950691664
263,1.7837725615481794
264,0.016319591448010012
265,-9901.249734333316
266,-8355.60528644445
267,-9668.716022666677
268,-0.48451710118980484
269,1.7446044239924643
270,-9273.203287444452
271,-0.037464583326392825
272,-70.2554117777774
273,1080.6364085555572
274,0.6351099526580092
275,-0.35074638718734374
276,-5958.380391777774
277,0.4340079898942699
278,0.05681662251797862
279,-0.02216478249718401
280,572.9564477777765
281,142.10842978004555
282,-7617.986298888881
283,0.18760791070004643
284,-4928.528808444438
285,-8548.270324999989
286,-4093.6220957777846
287,0.0405623045219565
288,-1.8199425534971954
289,0.17156642254625434
290,0.24437910955682196
291,-0.9818837333049024
292,-1.1732877114919469
293,0.617634432303747
294,0.7142432405505251
295,0.3922696629828859
296,0.4156326083893333
297,0.5689152638012228
298,-0.9373851227177897
299,-0.2134496003740772
300,-0.8944310731923361
301,0.3192495287994635
302,-1.1546481387430192
303,0.20987060930786508
304,-13293.894440666696
305,1.4159155264199228
306,0.35454602342420743
307,-6953.044648888894
308,-1.2556304135921659
309,-0.269100607884568
310,-0.5909845410647385
311,0.595825346647711
312,0.10408474502313483
313,-7139.00892555557
314,0.057679623954558744
315,0.6992047677421803
316,-1.9166789678604146
317,-1.0079160923232284
318,0.37115707896258543
319,-1.191321660311739
320,-1.2701751760845976
321,-0.5199504222596566
322,-0.7231384077196503
323,3.3406081539211456
324,-1774.1621935555575
325,323.77966166666704
326,-0.5335330172423343
327,0.10549324177038463
328,-1848.5263877777784
329,-0.7504028967461951
330,-18314.812435333337
331,-11584.117858222222
332,0.7666352306387392
333,3.446585263764072
334,4.203313866298809
335,1.1030532103608435
336,-7664.087817000005
337,-0.4717312855802589
338,-1.4292484176613036
339,-10414.272190888893
340,-0.6509608449750152
341,-4615.202648222216
342,-585.5756487777778
343,732.9480356666668
344,0.11298121241520426
345,0.31204248967609455
346,-5409.439596999996
347,0.8960587696010895
348,0.6841655108303452
349,-5347.89201788888
350,-1.82372772934142
351,0.019857936545115633
352,-0.1769745340644282
353,0.668489884396212
354,0.255137501115302
355,-645.6233900000011
356,-3004.8248357777707
357,-0.5254035454726884
358,-0.2203808781504606
359,0.2539240973369742
360,0.7314255004978524
361,-1727.046568222224
362,-0.11116916851832911
363,0.4041661850606153
364,-0.24637845852052867
365,-1629.2009574444478
366,-9426.59731711107
367,-1.4892355285996994
368,-6560.277742222217
369,-0.16862047194101235
370,0.5403873164696169
371,-0.39618072052468656
372,-0.3275848849433103
373,-0.08402967349318365
374,-6871.48829155555
375,1.2189275327933562
376,0.1580449811443961
377,2.435773167279775
378,-3764.601258666657
379,-5930.129168777775
380,0.17370506037594635
381,0.05698484145602683
382,0.2736435011944761
383,-98.12793666666659
384,-1.0763657296505313
385,0.6281477385431775
386,-7187.696413555547
387,-4722.946249555557
388,-0.4051573598293789
389,-0.1186976736469058
390,-0.24404243355213623
391,-1.001424214518758
392,-4500.149596888887
393,0.21447560438618157
394,-14824.799579111106
395,-7437.76880266666
396,-0.08069149334436337
397,96.33561122222227
398,-0.10170669941049171
399,-3727.0728988888845
400,0.6510391445671954
401,0.1729435137900557
402,0.8935269443177711
403,-0.7281517668200466
404,0.3440632965551179
405,-1.2286344243604155
406,0.7121662079074972
407,0.31408291317763526
408,-0.4977574093626288
409,-0.5454455546395216
410,0.6601007611432194
411,-0.06590915397492046
412,0.9964693986804634
413,-0.4374238984071471
414,-6586.632396000002
415,0.8111268978765356
416,0.09515740213453855
417,0.6103337644931723
418,-0.4513927511098614
419,-0.9005156387245499
420,1.0143957784429996
421,-5.491586451565499
422,-3.0407281930452172
423,-2281.2028229029866
424,0.5261645520018654
425,-0.9441388071754818
426,-0.6159160871726886
427,1.5568843105512318
428,1.9125240348530237
429,-0.23706968064887482
430,1.0462579770286284
431,-0.004722950556488339
432,-0.5315192515535968
433,-0.41490455301800966
434,0.5194993999702576
435,-2877.1401504444407
436,-6402.054203777798
437,-1.3199739776051784
438,0.7093435135138595
439,-19839.56626855555
440,-314.04780033333327
441,-0.20087909468024207
442,-0.11157738271185609
443,0.11478877690199839
444,-0.7002922913639616
445,-6901.202599111112
446,0.4539349037715073
447,0.07758510638045245
448,-0.26586141513120753
449,0.07692191448177914
450,-0.043674231964198784
451,-844.4252996666658
452,0.39963579779192365
453,-1381.2899459999935
454,-3.125373296587129
455,2.776701070208642
456,-1885.9727087777796
457,0.38538228682606973
458,-2.168224208104477
459,-0.5853211498039369
460,-3865.139477888873
461,-0.23961734404072058
462,0.27842905311013233
463,-3947.9238134444445
464,-12551.701827000003
465,0.6729394623169793
466,-0.21789316174597192
467,0.05066341020685475
468,1.3342957309090917
469,-10916.601056888865
470,2.8571026384943865
471,-0.40205492218109834
472,-0.3041375669085163
473,-8987.669570999964
474,0.16608546060169477
475,-405.9551195555554
476,0.17873433859721805
477,0.5158623688473748
478,0.3912027995471418
479,0.7731435729117563
480,0.8696861954095009
481,0.04583677748061388
482,-11915.759452333314
483,0.15368004562994794
484,0.36698618435962144
485,-5361.8909444444425
486,0.7301742842189921
487,0.12770397548966206
488,-0.1167483842797699
489,0.5597025289753786
490,0.634254935004741
491,0.07247794329589247
492,0.9429559595750874
493,-7161.625271777756
494,-5295.375472444439
495,-12097.270201888887
496,-414.16941744444324
497,0.5025498764206905
498,0.4292117616762566
499,-1.330027273268423
500,0.26572230506365135
501,-10546.664389666657
502,-7303.077075888889
503,0.536001733400509
504,1021.1388271111118
505,0.06502961646407449
506,-8386.41290933335
507,-0.678233932415315
508,119.60575855555562
509,1.289864908491294
510,-0.0981681567372738
511,1.9899009724465155
512,-14201.786665333359
513,-0.5582198520597116
514,1.1712842474356908
515,0.2715469490382137
516,-0.20528590004255545
517,0.7271076072954142
518,-0.33667486507716654
519,0.7520214853603785
520,0.4855435752439896
521,0.23544528153694216
522,0.23928484744599238
523,0.2735246418453489
524,-4830.197644000005
525,0.43417523077351644
526,49.71141055555537
527,-0.27359829900842875
528,7.915089291462437
529,-0.06660101120993696
530,-0.364748628431071
531,0.6953672030414787
532,-1132.1354771111053
533,-0.5805537928901899
534,0.8826677321963234
535,-0.7885191512963017
536,636.9731608888904
537,-1.0020886152525834
538,-34700.79064622221
539,-3755.501889555548
540,0.30386412010217856
541,-4526.1224815555515
542,-145.49587311111117
543,-0.3200720467193619
544,-0.8501073359700264
545,0.1890003091736224
546,0.03574222377939663
547,-2139.3071068888926
548,-0.09067801371260897
549,1522.3731806666672
550,-0.8945516687004159
551,-0.5171177318476367
552,0.4562281597016764
553,0.2547259616741523
554,-0.2338544262224362
555,0.6561557244729203
556,-3451.309003222216
557,0.11229631595670912
558,-0.6705969297270039
559,0.7346601295806492
560,-0.5259655946676977
561,-1.3881638985350122
562,-249.8891725555554
563,1651.9243969860431
564,-5634.199156222215
565,-14932.785738777799
566,-6561.415691444446
567,-0.8106133551502344
568,0.19536606288367722
569,0.30565783168380894
570,-0.47004138392317335
571,-5007.90428522222
572,-0.5223445085617557
573,-12433.33907022224
574,-0.5545347158082019
575,6637.616166142824
576,1.2801526400771113
577,0.14779502027659858
578,-18193.697573111058
579,0.07413637262233176
580,0.06907768120001159
581,-0.968348968400985
582,-1151.5766875555553
583,-0.11560509646168952
584,-7864.964387999997
585,-4195.54618944446
586,-4327.611367111111
587,-0.024914376826388286
588,0.883062730370477
589,0.177486355951477
590,0.671503609942607
591,-11831.832997444446
592,0.644441691889055
593,0.011556084306311346
594,-4202.259482444431
595,-0.6477006676567426
596,-4818.447858333334
597,1204.4345200000014
598,0.2642660018171809
599,386.1107816616999
600,-11089.430738222223
601,0.17334798920602726
602,-1.2748110326690376
603,0.3912334262792023
604,-0.033712499606534566
605,-1.492823939022541
606,0.008148756714415442
607,-0.17955997733323226
608,-0.242981892821721
609,0.8343636861244526
610,0.9911305915845168
611,0.6422475910793352
612,0.03142644309999511
613,-737.9436481111105
614,0.5300959098603661
615,-1.1594783911476516
616,-6032.283016222229
617,-0.48226332361418844
618,-6994.832007222235
619,-18709.24211122223
620,-1036.1082105555572
621,0.863257279280977
622,0.13390300458100382
623,0.7537856557029923
624,-0.21669364233076083
625,-0.0634732454482271
626,1090.7500719999994
627,1000.4826593955189
628,0.12675576166660127
629,-5178.457942222215
630,-4656.3614200000075
631,0.16911383007825476
632,0.41639301755519476
633,3.7431925281993346
634,-0.7970181580964298
635,-0.18153408309044136
636,-9950.465747444427
637,0.4591171716259891
638,-7469.052568444436
639,445.3230229999996
640,0.5200364030768474
641,-22286.565218000007
642,-15529.752903555554
643,-1.0631437962421995
644,0.28380129802514376
645,0.019408455678576294
646,-0.5389921833448522
647,-0.5296958066768837
648,1.0050890316698067
649,-1.2672063165989442
650,-0.3471029887221966
651,-0.47295447693017556
652,-0.21141939930984482
653,0.3621965540059933
654,-6257.370664555555
655,-12791.769989555545
656,-31031.446818333403
657,-0.33133088356502566
658,-0.10934631705967578
659,-0.8571795999345583
660,-0.10886607820359631
661,-1.629835089979284
662,0.019852514795175105
663,723.9665787777767
664,0.603447674190467
665,-6663.743891111126
666,1.1945255049583858
667,2.921211283855896
668,-0.06892202824852756
669,-5288.252380111103
670,-8705.426723777788
671,-11775.92977066665
672,0.7968607512273448
673,0.33783653164129085
674,-3534.0970181111097
675,-0.12910312596554774
676,-0.9762122033833697
677,-0.06840505161695783
678,-7186.055062111112
679,-0.7168242693656157
680,0.5203001212938284
681,-0.01823831657908494
682,0.378154461199716
683,0.7750123145141581
684,-10402.715033444445
685,-7293.713812666672
686,-0.35317646173717193
687,-0.21694248435158045
688,-0.4347496946536292
689,-1.1144856687078508
690,0.3741432247025601
691,0.20654766530433918
692,-320.0186498888891
693,-30923.928502333343
694,-19567.22799022221
695,-14906.694109666665
696,282.3304749999993
697,-0.020475714770291562
698,-0.3461421413384547
699,1.0759129715295326
700,-0.7139551608763594
701,-0.4103109048613422
702,0.5738454003949758
703,-0.7608080597677261
704,0.5641468145093108
705,-0.4590079175052403
706,-2718.177434555552
707,-3176.4866467777783
708,-0.2129858306472241
709,0.5368302158012043
710,-19536.70968144447
711,0.7634992662805848
712,-18652.823720111053
713,-0.14353015194513355
714,0.012298373372029858
715,-0.3595325793028901
716,0.25046307992516986
717,-0.12015988280483818
718,0.8850779992946759
719,-3248.4189646666696
720,1.2369367415659647
721,-4.836230055789831
722,-0.6308561075479522
723,0.2897727782798117
724,0.3566052715684663
725,0.008449834321594851
726,-11834.562430333332
727,0.7495968767550595
728,0.014118713280552572
729,0.5897303295974304
730,-0.17134410805408604
731,-0.1699555893627812
732,6.64452806492352
733,0.8307584889367899
734,3.8427361982112966
735,0.6255129866273024
736,-14659.431777888896
737,-0.011175284982211655
738,0.9005473874937303
739,-1.1096364838189205
740,-0.6269295033610467
741,-0.6952068166702231
742,-0.8350365219295285
743,-14957.368586000048
744,-0.8969029892696152
745,0.16610685681472062
746,0.9016176713705694
747,-6415.908662222224
748,0.8673988743195548
749,0.17500478678800793
750,0.363889482334794
751,0.7792077785920695
752,-6998.385002333351
753,-1832.0204087777809
754,0.20339848801493118
755,0.6993394891037417
756,-1.6672402232252252
757,770.5242522222225
758,0.7421924783812571
759,1.3153040432451686
760,1.189198092782409
761,0.652179325022395
762,-0.8963601986159963
763,1.1891154851801071
764,0.8957481343239756
765,0.05256926168377635
766,0.6588620323753044
767,1.830604327624105
768,0.2900002562447552
769,-8775.197449888872
770,0.749792521179325
771,0.11100946711092959
772,-11839.41683644443
773,0.5803932771919806
774,-1358.1426518888904
775,-7930.209403222219
776,0.4283040464228928
777,-5087.440463555563
778,1.2319681199065928
779,-0.43848920977282657
780,-0.6119713342549788
781,-1.6686833932681175
782,-0.5893123273623261
783,-0.4871232298101091
784,-0.7490458557688602
785,228.89017088888838
786,0.8363573485074207
787,0.5475794969065105
788,-1.0605584678200313
789,-0.9855565072541963
790,1.5279461292667462
791,-17063.38463222222
792,-3.219269834842087
793,8.60896263811628
794,0.7557319789780053
795,2.3543154358967495
796,-9410.743259888863
797,-7213.96882922223
798,0.40373161553291653
799,9.436615908133353
800,0.6344692438021379
801,-5961.03585766665
802,1.6854170617224176
803,194.4603261111114
804,-0.39930715094104363
805,-0.5186436669745573
806,-18684.54230766666
807,0.4285444048642955
808,-0.17253968371177583
809,-0.4812744167919881
810,0.7877225776062319
811,-8798.923671111092
812,1.1373846243301815
813,0.8276830992991099
814,-20679.864103666598
815,820.8785818888904
816,-2625.8273747777807
817,0.046640173666335036
818,0.12370825653517606
819,-18699.596764333295
820,0.5261138057400532
821,-0.17010332637655978
822,-20738.59560633328
823,-0.45988430416726994
824,0.7110801793094617
825,0.6645595365493148
826,-34235.71107355544
827,-0.37299308327566716
828,2.3454380134444794
829,-0.6978839137542429
830,0.1249077107349077
831,-384.4834303660121
832,0.11345267963578852
833,-0.9289998155934924
834,0.1838602076213734
835,-0.7859820508824472
836,0.38905141256254905
837,2770.1894968888873
838,-1.3631157149617266
839,-13214.48961455555
840,0.39721962369329133
841,1.5648759945800093
842,0.9618977764305058
843,-0.31994599380033123
844,-0.2106698692061147
845,0.26796540719552264
846,-2336.4591552222237
847,0.15426601593898565
848,-1.1373592275704238
849,-0.4201143261433763
850,4.849453685363574
851,-0.710921630412609
852,0.5982802656831459
853,0.17836937879340214
854,0.12990828101896548
855,-18722.362421888854
856,-2800.9548913333356
857,-504.6171882222216
858,-10518.503347111096
859,0.6616481901964666
860,-7087.622621111121
861,0.29899586483701285
862,0.2759090569883984
863,-0.34385331671414476
864,-1.0351318607459954
865,-0.437674526233127
866,-7752.365483555551
867,0.7591357806342326
868,1.6438464174676901
869,7.747269079570288
870,-517.8194970000006
871,0.8286860158026996
872,-25.973807360598787
873,-0.233714803730262
874,-0.20884527132215053
875,1.0896331734496238
876,1.0561708583278415
877,0.19620706571209293
878,-0.0454258764961041
879,1.584127396424682
880,-0.17038444073786124
881,0.29149193015588526
882,-0.48917990396560973
883,-2680.160781555551
884,-9816.015176444456
885,-2699.6796810140922
886,1021.8557171111141
887,-12010.281830666663
888,-385.7497708888889
889,-28.461627502999292
890,0.49970487421960724
891,0.8473584892732797
892,-5708.888261888884
893,0.8230064808241431
894,-6698.974222111118
895,-0.412854730769096
896,-0.15692619790570006
897,3.7312695646909053
898,-3560.113232111106
899,0.13620289207932787
900,-4523.316408777783
901,-4239.490769666668
902,0.12486891221609746
903,-0.04812710170773522
904,-1.0724705677813398
905,-0.7540549560153784
906,0.1536982592136577
907,-1.1717974317297295
908,-2458.052715666668
909,-0.9221629835402626
910,0.4846232078818731
911,1.2628230316347833
912,-8257.562313888884
913,-0.32906265871168305
914,-1.1455972177128035
915,-0.35769670039338425
916,-2870.6691841111065
917,0.458836333006199
918,0.9218371457614725
919,-0.9422187012976893
920,-17033.51939666665
921,383.6667819752585
922,-0.4905524483403107
923,-8162.209363777779
924,-0.7720169955848915
925,-1.0261800280272675
926,-0.010267858813024649
927,1465.001674444446
928,-7282.161794111108
929,-0.24987633705084927
930,-3572.4163726666507
931,-15457.106806666636
932,0.5598717872357075
933,1.1322266796814557
934,-22717.877085555578
935,-6666.211863444466
936,-3364.0046996666592
937,-6562.892775111108
938,-0.9869649842387718
939,0.5994000343873289
940,-7597.703767222228
941,1.5063731190482383
942,-9923.51462555556
943,-7282.986356555555
944,-0.33129642602018455
945,6.195295576400821
946,0.9645282353215346
947,-2883.126564000009
948,0.43944041765400266
949,-15261.317911222266
950,-0.6651136631266475
951,-0.24703773303955653
952,-0.8580966109835128
953,0.08952600075936781
954,-16532.555270888897
955,0.11845317322071154
956,1.0351587365415957
957,0.4064157795800464
958,-2.545353035027005
959,6.921490074920592
960,0.44745392079195395
961,-0.22434294019240344
962,0.44147759018660954
963,0.3084428597280864
964,-0.2467555088813909
965,0.2497112787987471
966,-0.4708513660462566
967,576.1487734444439
968,-0.11646755873388899
969,-19669.65110211113
970,-0.706120534588522
971,-0.7436564628157216
972,0.2321398321248325
973,-0.45007994730517675
974,-1.1297439815932004
975,-1859.5782791111094
976,-0.6494740852914809
977,3.8148540696437463
978,-0.20005472120928164
979,-20641.88722866665
980,-4479.5859773333395
981,-0.18610722654752934
982,-5159.7557466666685
983,6.9221116859228875
984,0.33567351356871217
985,-0.5508773573258392
986,-0.004291258046820838
987,-12102.666697111103
988,-348.8429084444446
989,-0.24544862851010368
990,0.0461427050253163
991,0.740840523727429
992,-18456.851067777763
993,0.09225788931814001
994,-0.580752454238691
995,-0.5780402928559348
996,-0.8862523987902108
997,0.8732174233877996
998,0.5557638975019631
999,0.15746328057866776
1000,0.22651239923275931
1001,0.45028843915450445
1002,-5652.19333100001
1003,5081.598327857446
1004,-1.059042676065467
1005,0.12027925156138741
1006,-0.40328281535052257
1007,0.37800424215677175
1008,-2429.957564555556
1009,-0.49926466449212975
1010,0.3425349171180147
1011,-0.47974011758960994
1012,-0.8394658533884686
1013,-0.025378629386588823
1014,-6027.023504555555
1015,-1.0894715463137472
1016,0.5964924066147114
1017,-0.04544215308060545
1018,-0.24814024930097972
1019,-0.11314035885663459
1020,0.280040821614579
1021,-1.8216985459117987
1022,0.5210275632232686
1023,-0.3156600398056095
1024,0.06784960071685925
1025,-0.3574035080301018
1026,-0.6913537941325071
1027,-0.39060691319362817
1028,-0.6704259793431707
1029,438.08982977777697
1030,-1.492636619635571
1031,1.1786619631429267
1032,-0.3020432399138148
1033,-21343.836393111123
1034,-0.0739760616380269
1035,1106.6163243448298
1036,0.37207251709113304
1037,0.8382559655564311
1038,0.07064721407377685
1039,-13120.298627777725
1040,1.1308545484832744
1041,-17534.767053999985
1042,-0.023621820577395647
1043,0.5019752812820603
1044,-15356.861828444471
1045,680.2559504506247
1046,0.21546699040053832
1047,-7488.135328333327
1048,0.006696378260336175
1049,0.6816789032906266
1050,0.5859737695872651
1051,-19.14192516240451
1052,-9894.573655555516
1053,0.21331638800090896
1054,0.18069155935417075
1055,0.3305752569240679
1056,0.8619464544056797
1057,2.7522174225910288
1058,-1410.4171644444468
1059,-0.4156195275961822
1060,-1.2523779598888316
1061,-0.2559896670601864
1062,617.7728404444446
1063,-2733.4153835555544
1064,0.697728344248321
1065,-0.7434470167460598
1066,0.9831274603858254
1067,-3092.612678222226
1068,0.531464977427289
1069,-0.4446882780536161
1070,-0.2107291718840102
1071,1.1372359865668789
1072,-0.956761409941207
1073,-1.0998850758993013
1074,-5368.067863777786
1075,-0.4342302269891944
1076,-0.18289422336722513
1077,-9822.292085333338
1078,0.7427001635894762
1079,-0.16703494973552058
1080,-728.8273198888902
1081,0.13269029836646887
1082,4.216527515471834
1083,30.108705797854526
1084,0.5836133202139011
1085,1.371952822677319
1086,-10866.285745555564
1087,-0.377859462173999
1088,0.19872120680208472
1089,1.4175525059238256
1090,-1755.0930563333357
1091,-0.2708299568946496
1092,924.666237666666
1093,-0.9713615332603944
1094,350.477429555555
1095,0.5176191704972862
1096,-0.6395106162969637
1097,-1.1954241798722056
1098,423.811449666666
1099,-0.8257085439350309
1100,-0.34703930823341694
1101,1.60159481453078
1102,-0.2945413879320426
1103,-14847.949485555564
1104,-0.5193685565115941
1105,0.8051497451561274
1106,-11026.802239666695
1107,-4335.181691555551
1108,0.8500605685042357
1109,0.3110968554516159
1110,0.19519611433453182
1111,-1.1824321178963424
1112,-5902.028705111119
1113,-8880.444157666658
1114,-4038.876792000002
1115,0.24653902625884563
1116,-0.8461787088616518
1117,-0.03179424992781717
1118,-0.6951160938455128
1119,-917.587088888887
1120,-1.153526653508347
1121,-18089.165867888834
1122,0.033124277161180035
1123,0.9656524614564342
1124,-4871.178168444443
1125,-2587.927063222218
1126,0.3974211877740547
1127,1.3235848981324232
1128,-7335.421395444437
1129,-0.9821917006096013
1130,0.6917388539847307
1131,0.5025954789098297
1132,-1.5894680810477755
1133,-0.8821700735983493
1134,0.9965405841712855
1135,-0.6400107133609937
1136,0.950654478027098
1137,-0.4342230031128801
1138,-11523.627072444457
1139,-5946.688069333335
1140,-2708.2590218888895
1141,0.03371477961064285
1142,-3071.761225222218
1143,4.138244494908063
1144,0.20393567319816508
1145,-0.9710280471808568
1146,-0.45319146113037134
1147,0.9859664920632893
1148,0.24406745854972228
1149,0.5257578031249399
1150,-0.6071534642355472
1151,-960.3989674444454
1152,0.2956464422390939
1153,0.39630803003342197
1154,-1.0542301759692607
1155,1632.500431555555
1156,0.28961380236619205
1157,1.1890089961383261
1158,0.6256053420685473
1159,0.38171915640165766
1160,0.12144963346548411
1161,-10919.665587666703
1162,-3281.9101718888887
1163,-0.03486961828330267
1164,-0.5338950191346957
1165,-0.5135531445625999
1166,-2377.9033087777784
1167,0.19291701217218035
1168,-0.3273682385715139
1169,-4081.994202444446
1170,0.17566318197823724
1171,-0.25051314378185674
1172,-5492.437664444436
1173,-1.1687594361591065
1174,1461.4553375555588
1175,1.9191298799867864
1176,-1.0326868658656576
1177,-23795.875954666662
1178,-6368.20664311111
1179,-14991.160004888938
1180,-4234.026230999995
1181,481.5490618888885
1182,-0.6653188955035495
1183,-3047.380274666659
1184,-1.079112389045111
1185,-4830.180066444438
1186,0.3728512632275634
1187,0.9427864924838258
1188,-13904.039215555578
1189,-0.9385638332086024
1190,0.7437113951029279
1191,-7064.716633333335
1192,0.2085199308173469
1193,0.16759756794107092
1194,0.39197893460709654
1195,0.2179552787608211
1196,-4526.284622999999
1197,-0.3553397131951568
1198,-0.07005179694695383
1199,-2938.130537999996
1200,-1320.7578555555544
1201,-0.5878045494774209
1202,-404.2465825600625
1203,0.08899396152380766
1204,-5537.825583333331
1205,0.3196583415374001
1206,158.69394722222242
1207,0.18290375821558885
1208,0.40924251112220855
1209,-0.9051860357907237
1210,0.4140651508449731
1211,-2492.32485422222
1212,0.36759028050308756
1213,-0.19356527742044344
1214,-1.0470566243874782
1215,1.5326164635891955
1216,-18163.0707388889
1217,-2072.0731458888918
1218,-844.481452666664
1219,-0.41042997488162375
1220,0.8939565357895952
1221,-1.0162846006588022
1222,-364.64126933333347
1223,-0.1310077777777946
1224,-3446.408909222216
1225,0.7722527828190199
1226,-10671.270264666684
1227,-1.1292584852234269
1228,-16906.085141444455
1229,-183.318077444444
1230,886.407240222221
1231,0.03509198151972128
1232,0.466761600510421
1233,1.6321935984570128
1234,-3226.1425981111106
1235,-0.6403152253033328
1236,-0.27276961448767606
1237,0.5929713485605794
1238,-0.6252417175131251
1239,0.054884881240509734
1240,263.6535142222226
1241,1.052110426587655
1242,0.696800943593561
1243,-0.5555701147853506
1244,1.0065322364991187
1245,0.2751192479609774
1246,-0.22144498137766602
1247,-0.039922182532262346
1248,0.1583233660982097
1249,1.4614933877078231
1250,-2627.186216999997
1251,-14927.253348222268
1252,-1.3468631345529578
1253,0.9160191466091566
1254,0.2471913740136779
1255,-0.07695453066265578
1256,-29.014659666666446
1257,-0.729104524589529
1258,-12067.279995999997
1259,-23720.825845555562
1260,-27146.41764644452
1261,-5520.261559743993
1262,0.7020573573863932
1263,-26319.48581366667
1264,-0.2605667557165565
1265,0.5995215259638149
1266,-2506.3349822222203
1267,-0.23748049779908595
1268,-0.232703348651908
1269,1.376181589073145
1270,420.41528644444395
1271,0.7084011261584962
1272,0.13517213471968997
1273,0.6859501994195035
1274,-16746.634084444442
1275,0.4360094233667767
1276,-229.1159313333333
1277,0.4251470642082637
1278,-1.5329313938967215
1279,-7098.305020888893
1280,1.5806976994817312
1281,0.778824587322237
1282,-13788.388513222215
1283,0.8346503176370467
1284,2.120422298263311
1285,0.42838987176999527
1286,-0.5196112104417797
1287,-7966.909994555548
1288,0.04248600339398373
1289,1.33041773252522
1290,-0.878904552391363
1291,-1773.1023496666664
1292,-0.24834483102799562
1293,-0.17898869241360013
1294,-0.46189104681035703
1295,0.5747978631793758
1296,-0.561035160317137
1297,0.43673150680986744
1298,-0.1884304492841856
1299,-4354.239543999998
1300,-2615.8593564444436
1301,-4245.023204333341
1302,-0.14591158571476343
1303,-0.8314984614571946
1304,-0.7427528816966456
1305,-0.14398675846584819
1306,-1.1210250345856994
1307,0.22102816665573638
1308,0.4750538596337396
1309,-0.9773135906706955
1310,0.10795981063661317
1311,-0.20833345640680112
1312,131.19669515072079
1313,-21058.798471555518
1314,0.41714037634824996
1315,-2542.8354949999984
1316,1.0906610365958607
1317,-42.95634643750145
1318,-17071.838821777754
1319,1.0490718373627186
1320,0.5868349424061989
1321,-23519.947676222237
1322,0.3689178501140995
1323,-0.6159425700409312
1324,-0.43365061787176273
1325,0.3322509355859258
1326,1.0128680881937369
1327,0.3474696800182714
1328,-2827.542463444444
1329,0.7863475322088226
1330,-0.3421750944167186
1331,0.014692659370924682
1332,0.6323413655964383
1333,1.0218162086079852
1334,0.17048171785519925
1335,0.4032251095404095
1336,-0.16202385060386512
1337,-5891.386837444452
1338,-0.1562952961798001
1339,-0.05981181848792007
1340,0.2643273130972886
1341,0.7953320081166877
1342,0.8422825432286124
1343,-12157.254267555558
1344,-0.10149813402882524
1345,-12859.626733222201
1346,-0.11470683549354989
1347,0.5961253891769739
1348,1.4953170096010084
1349,-7738.495101666649
1350,0.07436549720388047
1351,0.06511960427048115
1352,-16544.035898555514
1353,-1.6253709534115741
1354,8.942890726718915
1355,-281.8309628360397
1356,-0.08895709091244705
1357,441.63748488888865
1358,-14242.858069777772
1359,0.23272652778104252
1360,-12112.700529000016
1361,-0.11865220412475076
1362,-2757.7508776666596
1363,-0.11653477470019857
1364,-0.0793937170730891
1365,-0.09096653227768953
1366,-12221.489399111097
1367,-0.712436332360563
1368,-0.3320116112771095
1369,0.017241623015779417
1370,-1227.4304793333322
1371,-4829.756225333337
1372,-5055.80440411111
1373,-0.00607474566522669
1374,-2.069380464933915
1375,0.8236108274577102
1376,0.45228366319284935
1377,4.334130384043549
1378,-11654.57141922222
1379,292.7198120000004
1380,-0.6257650646218442
1381,1.1269329537757111
1382,-3080.5485488888967
1383,-0.27392736127647077
1384,1.2159486835086115
1385,0.2671988240182521
1386,-0.46641650507787563
1387,-2595.631145888894
1388,-7391.1231822222135
1389,0.3945617665896826
1390,-1.3115145109181168
1391,-6026.42892
1392,-0.5153913355092861
1393,0.1853730686453084
1394,0.24351308701586602
1395,-0.603331680561087
1396,0.48856176622123015
1397,0.549587158580998
1398,0.28378806056597733
1399,14.77004970365925
1400,1.1749142697177952
1401,1086.7554847777783
1402,0.13777472204231894
1403,-3416.1332787777806
1404,-0.4993488017580943
1405,1.0219908267655595
1406,212.01675170850663
1407,0.21845831853745012
1408,-1.018140109946496
1409,-0.13765893919353686
1410,-8904.327078444456
1411,-0.3884696333871052
1412,0.3277449684222202
1413,-2320.227302555552
1414,0.2876997459666555
1415,0.8067054753598323
1416,-1.0004912980227936
1417,-3486.341858
1418,0.556292002650664
1419,-2400.3891106666674
1420,-0.16076049561347375
1421,0.41991363026303374
1422,-0.009365619768410065
1423,2352.783235555563
1424,-1106.666876510007
1425,1300.7785138888903
1426,0.2510305057005028
1427,-3079.145094222216
1428,-0.7353845579769247
1429,1326.578290666667
1430,-3763.2600327777745
1431,0.08077022366151902
1432,2.2260474061743007
1433,4.170803931942919
1434,0.6811144167121167
1435,-10733.529676555556
1436,-20980.866868555608
1437,-0.3751247039281277
1438,-3545.8417629999985
1439,-4972.102855666672
1440,0.2969739075852257
1441,-9088.420351444447
1442,-2.3373978202211343
1443,0.3251417538429462
1444,1.6606835891765095
1445,0.4610984785451687
1446,0.02088474554601155
1447,0.016790760390523622
1448,-0.13220764794275525
1449,4.856147003935716
1450,1.0441097206964436
1451,-0.9823391043019396
1452,0.12819813888959797
1453,-1209.0782850000005
1454,-3168.6554954444387
1455,41.816391733040604
1456,-2616.427771666672
1457,0.26223555280098176
1458,0.4551279451300766
1459,-0.7622016408977487
1460,-5177.1401573333515
1461,-0.14520904524816597
1462,0.7200293905476977
1463,-0.06502534222078196
1464,159.62701647205202
1465,1.3374769276949212
1466,-0.7725556257165014
1467,-3106.5774295555602
1468,-4010.0704645555534
1469,-1380.3838524444445
1470,-0.6356890001650963
1471,-7082.969438444419
1472,1.2172857764160123
1473,-0.9486481259195068
1474,1.281936541130854
1475,-0.38357796553637136
1476,-3295.0807123333366
1477,-5042.9121811111045
1478,1.9064602875913503
1479,-0.20037109441311846
1480,0.6913986031832966
1481,-2.268320429658019
1482,-0.39548751071508
1483,-1841.9804206666697
1484,1.224567094332418
1485,-0.28032056552010065
1486,1.138647310697934
1487,-8394.85481899998
1488,-0.17261312345525123
1489,1.0263282214531682
1490,-7688.7682078888765
1491,-0.0031587709618819616
1492,-2819.234148999991
1493,-0.2650413889283177
1494,-1.4722794490836761
1495,-482.1537255316269
1496,-13311.163676777793
1497,-647.4496703333322
1498,0.05541714352868118
1499,-10370.635237555513
1500,186.19596273811138
1501,-6291.202194666667
1502,0.4697450730278517
1503,0.3950138642176443
1504,6.225214625313033
1505,-0.23902114911877229
1506,-6067.086952444445
1507,-1.0052714262083604
1508,-678.4144970000004
1509,502.3168942182173
1510,521.9100368888878
1511,6.7105403945312645
1512,-0.8160060105873095
1513,-0.35179602553541006
1514,0.6058863724196891
1515,0.7698211790105628
1516,0.34177635231587467
1517,13.623379539515707
1518,0.29752221086613995
1519,0.7680603661518896
1520,0.163295322102109
1521,-2600.724534999999
1522,-0.4225112065901767
1523,480.3110518888884
1524,-0.6184605714711602
1525,-14100.292465555569
1526,-1235.5251602222227
1527,-0.5313059397205848
1528,565.6512510000007
1529,-0.43211062557658736
1530,-1.0386119948442325
1531,390.9141415725454
1532,0.4339319798269811
1533,-0.2963254858140784
1534,-1.0065295599511879
1535,0.967139028137733
1536,-5978.977764888888
1537,121.31859588888908
1538,1.543578790623923
1539,-315.64486733333314
1540,-1.6968758788425564
1541,-5863.654445111123
1542,-4855.817233666668
1543,-0.53298474907518
1544,-0.18882915337395062
1545,-2.119016132418449
1546,-29152.357979000157
1547,0.5628212850395724
1548,0.37476884333750066
1549,-0.1803491441448244
1550,0.40068211440435403
1551,-8672.22181255554
1552,-0.08125927254754037
1553,-2550.5873663333277
1554,-18483.612245333316
1555,-1456.8271312222196
1556,-0.7881831781319277
1557,-0.8010688135167372
1558,-29402.74789723114
1559,2.1472227441339293
1560,0.9910322477573746
1561,0.17907797196389225
1562,17.67729724530609
1563,-0.8428566239190359
1564,-1.3984095671888572
1565,-0.40763806953961207
1566,-0.888281960751138
1567,-0.2676603343119092
1568,-0.4106418791520807
1569,2.0847589126071018
1570,0.9481186322052865
1571,-3957.8703470000037
1572,-13282.047051222178
1573,-4919.343398333331
1574,0.2722310467500099
1575,-0.5563273842925224
1576,-0.12325253154188101
1577,0.9225218036183006
1578,1.2683277827018706
1579,1.1293455679292146
1580,-8311.62596044446
1581,-0.19311874840159654
1582,-1.6925492605541386
1583,-0.3469718694072971
1584,-1.2385723265494848
1585,-1.8004761780880696
1586,-7154.140992111122
1587,-1.4314475251941652
1588,0.700922575631631
1589,0.644622438463398
1590,-5784.677900333328
1591,0.1529353501923732
1592,0.22217115798539236
1593,-12386.07047522223
1594,-20273.019369555568
1595,1.078155610497698
1596,-8973.60556066667
1597,0.4093883437790658
1598,-5668.93090122222
1599,-994.4010406666641
1600,-0.41359110016195744
1601,-0.29454855613325964
1602,-4431.99253133333
1603,-1.0890540457159963
1604,-0.4397439737670258
1605,0.11236017878231257
1606,-13.964600269194369
1607,-3.264952024575335
1608,0.46793339288653435
1609,0.12232082112994667
1610,0.27435832368628116
1611,-12758.885847666643
1612,-0.3411055916923842
1613,-5112.629816111112
1614,-2972.0476917777714
1615,3604.923183333329
1616,-0.6688705593274512
1617,-1.1564962044633331
1618,-17536.495829333286
1619,3.4189997786791877
1620,-39.86744221103807
1621,-23166.9860072222
1622,0.09467567842838888
1623,-601.8679776666667
1624,1.529357619701988
1625,-1364.9205351111113
1626,-0.3971809214051809
1627,2.3650983768407925
1628,-1682.9537823333333
1629,-15304.013043777788
1630,-0.41111440419404305
1631,6.191844541880009
1632,-0.3710012575683511
1633,0.7994547853146835
1634,-0.33474813303012757
1635,-27310.10388944442
1636,0.07071183884198938
1637,0.7461698123365238
1638,-5688.520141444442
1639,-0.49296694497274135
1640,-15174.62945100003
1641,-5676.230822888879
1642,0.38330124737683907
1643,-0.17537823489010126
1644,2283.138339666666
1645,-0.8503316249607347
1646,0.9570703768222605
1647,4.382207723836896
1648,-1.1492852669692306
1649,-0.24849575952656114
1650,1.0299564738288283
1651,-6086.868038444448
1652,-15077.439776444475
1653,-4206.700526888881
1654,-12837.195141444417
1655,0.036569693984721215
1656,0.1757882059670625
1657,0.007923222797240588
1658,-1.2592741343250493
1659,-1.254866816239162
1660,-1.0187937256353232
1661,-0.207897699046845
1662,0.1545931440463934
1663,-0.9201209895661341
1664,-0.33633551498984976
1665,-0.4156445407036315
1666,-11556.876737111099
1667,-16041.07814511111
1668,0.455047092165567
1669,-2.147297117534165
1670,-0.5846434822274023
1671,-1523.7857007777807
1672,-6365.012473222223
1673,-5554.889549888885
1674,-1360.4398753333346
1675,0.1852067839339827
1676,-1.70336952663926
1677,-232.59159166666618
1678,7.352869814945836
1679,-13807.49562744445
1680,-0.12558831468152787
1681,-34.78191558737336
1682,-0.20255419913856595
1683,-0.050402184911140624
1684,0.4399321510030406
1685,-1.3307989273817784
1686,-0.5830480946832071
1687,-0.3171710205255302
1688,-0.09877964780800479
1689,1.2768952456899003
1690,1.3323201214476437
1691,0.2019507572813542
1692,-3261.3010192222173
1693,-0.31269379939039005
1694,-7211.076919888893
1695,-795.6332089999995
1696,0.46500903162000623
1697,2626.573934444447
1698,-0.543769254032531
1699,11.803687358856344
1700,-2183.4737296666663
1701,0.21848873397168236
1702,-0.28975781430346237
1703,-5481.888939888891
1704,-0.08650397948754242
1705,0.09106012573827608
1706,-34549.89997199993
1707,1.9615168934379899
1708,-2115.3874794444437
1709,0.25069481795483173
1710,0.13397117290138624
1711,-3164.4876047777752
1712,-0.6867942579843428
1713,-1.3699726702476775
1714,0.6382150904724359
1715,-3785.4700199999957
1716,0.05607015832135581
1717,-9154.687468444461
1718,-6226.286435222216
1719,-0.010839544013697345
1720,0.10626721766356786
1721,-4602.014403888878
1722,-0.5882541634686071
1723,-1234.6863973333332
1724,-18893.04673444446
1725,-5859.010655666665
1726,-0.8010676171911223
1727,1.226004049929314
1728,-0.4936525580242795
1729,1.5264989264919675
1730,3.401158251520012
1731,-0.3861639340821797
1732,139.21439122222264
1733,-1.1955443596070987
1734,-0.8678775614141082
1735,0.5622774045647763
1736,-24084.425701666667
1737,0.7780488033858498
1738,1.4641556056510323
1739,0.31920677532605757
1740,0.06448857355075124
1741,-0.2098765491472001
1742,-3415.4803023333325
1743,226.6807846666668
1744,673.9089544444441
1745,0.13981625544989787
1746,-1.2340498382103944
1747,0.4630559712561543
1748,-905.8648047777804
1749,-2639.7012248888877
1750,-921.0727868888914
1751,-1.1009789115074615
1752,-0.7437932996922648
1753,0.2737874337355227
1754,0.18727864655091112
1755,0.628801196656908
1756,0.11833949612489719
1757,-2847.6213169999974
1758,-0.09393865188220454
1759,-0.2953323751078661
1760,-0.03319793768720943
1761,-1.646000632369051
1762,0.25355851169472793
1763,0.8945476069433655
1764,-5023.349801111105
1765,-0.07867574673238287
1766,-0.34320982061506067
1767,-0.34541468166594785
1768,-22139.944283888875
1769,-859.6920277282877
1770,0.5332258289925164
1771,-8770.39513155555
1772,-0.8368890762218013
1773,-0.18849501380572686
1774,0.7958971377792411
1775,-1.0272248490839204
1776,-1.435880513385304
1777,-26762.7556447778
1778,-1.3029953684687228
1779,-1.3986798325081014
1780,-1.0517300769344693
1781,-7325.6341757777745
1782,-8176.5192503333365
1783,-8087.526030000013
1784,-4202.931100111107
1785,-0.5044434200053992
1786,-0.36192381508487415
1787,0.2730189300582133
1788,-21049.85297099996
1789,0.8545079690399772
1790,797.8106657777774
1791,-6639.7077630000085
1792,-1.0039656118992524
1793,-14445.374819888899
1794,-5695.964646444452
1795,-1.3815395417173917
1796,-18955.31431911112
1797,-1.183333711735064
1798,-5773.310530999989
1799,1.0042974460766512
1800,-4023.4296141111067
1801,0.48229044020026823
1802,0.5554226386580812
1803,0.8510488876513532
1804,-0.2719738033148433
1805,-0.49114189814947135
1806,-2278.7960182222214
1807,0.47195043147394433
1808,1.5356433355234882
1809,-5200.402605222215
1810,-3551.1084489999953
1811,-0.3005700360340294
1812,0.30351898324598264
1813,0.2574464047319545
1814,0.27659952138495775
1815,-0.26645141030997643
1816,0.546847910285712
1817,-4791.399960111115
1818,0.03768659923350861
1819,1.0187198443321952
1820,365.8895038888889
1821,0.1722819041041544
1822,-0.42468962099990026
1823,-3427.3225899999957
1824,0.8199460573479637
1825,-3778.1504043333343
1826,-8818.19612288886
1827,-0.7461144718439544
1828,-6259.709260888886
1829,0.5215780492667652
1830,-12780.598047444408
1831,0.19453530640759076
1832,1.711281734961211
1833,2784.1555403333346
1834,0.7196091868130348
1835,-3.7040821655466036
1836,0.8805688885353402
1837,0.68222557255915806
1838,-0.22843097579603133
1839,-34014.777171666654
1840,-0.513379492061698
1841,0.8451107282332627
1842,-0.8685550363981617
1843,-7638.991063222215
1844,-3135.821948666671
1845,0.5019005734007304
1846,0.04232685595514012
1847,-7095.712951888897
1848,0.9203908220463888
1849,0.3984467734522084
1850,-11622.870499555538
1851,0.8062160763005327
1852,-12627.227108333314
1853,-0.22936290614129662
1854,0.950729240479165
1855,-0.5096242829947603
1856,-1895.7953740000034
1857,-33.23268211111118
1858,-13201.579948863107
1859,0.3191043927964537
1860,-0.0773423707847053
1861,0.3322892446512271
1862,0.6378949525640627
1863,-2975.8192298888894
1864,0.1046491139028637
1865,-10803.85224266669
1866,-1519.2187364444428
1867,21.51173231688475
1868,-287.02791544444443
1869,-0.3249064061016461
1870,0.9590918444408129
1871,-1.5762577085649803
1872,1.247818412551692
1873,-4232.801243222228
1874,-0.6480994701245344
1875,-9112.812466444453
1876,0.5570327968185425
1877,-0.2866832144103134
1878,-5867.385290888885
1879,-2645.37997966667
1880,0.35301910507164524
1881,7.082425944432626
1882,0.32156474697484244
1883,-6746.529434000002
1884,-0.07371880044257346
1885,0.9520566868970519
1886,59.61721356897437
1887,-674.8020033333352
1888,-13427.67053400003
1889,2.758322358518832
1890,-2653.480086666669
1891,-29914.164293111182
1892,-138.20629177777778
1893,-0.8794307016716959
1894,-2167.7595224444467
1895,0.33415513039853934
1896,0.5398297665873615
1897,-7919.436936666666
1898,0.7321164822228223
1899,-17426.43651144445
1900,-4544.078801555558
1901,931.2809717777803
1902,-0.013816727340407186
1903,0.08740201183699844
1904,-7606.6039776666485
1905,-2299.6455293333315
1906,-0.7038738960034753
1907,0.8116895345052513
1908,-10769.722309555556
1909,-1.1658852865226277
1910,0.37611734463077967
1911,-5675.686671333333
1912,0.40306083142259097
1913,0.719446218179049
1914,0.536824867510658
1915,-1.2369433084153367
1916,-16884.63977522222
1917,0.39326739056742044
1918,-2522.759049222222
1919,-7355.2947214444575
1920,0.5655624042974887
1921,7.684651433844791
1922,-0.41416739307262007
1923,-2640.094350111112
1924,-0.624882539269026
1925,0.28828421084920997
1926,-0.22206580425205627
1927,-4778.3436115555605
1928,-21.073470132492446
1929,-6868.469800333326
1930,-3180.6604027777794
1931,0.4576993829685721
1932,-1587.672576222222
1933,1.469888949749903
1934,1.0254673569739354
1935,2418.8279878888925
1936,0.9799597659440674
1937,-0.7071064904821346
1938,1.5633317306160435
1939,-7779.528330666676
1940,1.1980227268782613
1941,-5550.863235666668
1942,1.488018255129174
1943,-0.5403458909373783
1944,-0.8442563502248559
1945,-3548.3266201111082
1946,-14679.764135380003
1947,-0.5041153667053029
1948,-0.00515140938089593
1949,0.11233491700941471
1950,0.007412126187786306
1951,0.27539462018743266
1952,-3653.7184307777784
1953,-0.3362330712503274
1954,-6705.7482411111
1955,-10322.238100222228
1956,1.351824473263419
1957,-0.4975565210337442
1958,-0.7409899142020409
1959,-0.7297340116045231
1960,197.74333255555547
1961,9.072802323986831
1962,1301.75983688889
1963,101.18841120657993
1964,1.1635241543070156
1965,-0.2937311299634019
1966,-0.048796203009850006
1967,1.1922922133779374
1968,0.4649889005145837
1969,0.4320180929017333
1970,-3943.4304963333298
1971,-1.2020364769105276
1972,-0.7758282647031962
1973,0.21787472116651802
1974,0.4132476595498801
1975,-4229.449493777778
1976,-13158.361548273817
1977,-13061.191168
1978,-0.4103299943696515
1979,-0.46033342069449873
1980,0.8092566270196122
1981,-14664.780380777778
1982,151.54134274961825
1983,-35601.175135777834
1984,-0.83785645288664
1985,-0.8439762169985503
1986,-0.288617291416174
1987,1.6657206165795673
1988,-0.00379735247320899
1989,-0.35301457986883755
1990,-0.5232598567318747
1991,-0.6447756448496538
1992,0.48001497930488374
1993,1.3538198366190508
1994,-5846.379300666678
1995,0.30982764215170566
1996,0.27933888599669077
1997,-1215.8470194514484
1998,-1.3637058959805006
1999,0.16213315466647332
2000,0.2779295935487643
2001,0.7790767916524658
2002,-0.09708404411576355
2003,0.22306760818830695
2004,-0.3783722443895301
2005,-0.4605236932009836
2006,0.3780681553484043
2007,1.1277728223531367
2008,-7529.5226022222005
2009,-0.29541058075399124
2010,-0.3539063667160634
2011,-37177.64595033334
2012,0.2471723867971586
2013,0.8951839461482464
2014,1.1299409225669785
2015,-28.321020410728725
2016,-78.71137711111142
2017,1.621011069846308
2018,-3350.8040328888837
2019,-18837.481767888825
2020,-2.428932744874742
2021,-15613.701077000016
2022,-10207.178130666638
2023,0.4981075072474761
2024,0.4893523660673427
2025,113.51435377777788
2026,0.16335753531329522
2027,0.17801896163244926
2028,-1.0104755952773585
2029,-1.383020672894587
2030,-1647.9933733333364
2031,-0.6547470285933517
2032,-5552.451006000002
2033,-14317.641308888902
2034,-28986.10505233332
2035,0.33706346696131845
2036,-0.15745678667716487
2037,-307.611351012051
2038,-0.012828495891020603
2039,0.6431293389125756
2040,-0.16941866708614067
2041,-0.24125085303672456
2042,4.689701593779264
2043,0.4295643225962945
2044,-0.4916013485837182
2045,-0.13799308034360322
2046,-719.402714333336
2047,0.5716611642596074
2048,-162.05259288888874
2049,373.6230701111107
2050,-2323.7829982222233
2051,-0.2753196249577887
2052,-1.5697172419976042
2053,0.1451959447699708
2054,-3902.0814795555534
2055,1.5173648711164998
2056,-14009.8701568889
2057,-0.45706839931062987
2058,-23602.04081722225
2059,0.6980848468979863
2060,0.7119918448676427
2061,-0.27036087422089283
2062,0.7123422205754402
2063,-139.8459815555555
2064,-0.0375401905987591
2065,-10907.478891555535
2066,1.3049400055112366
2067,-5391.305601777779
2068,13.87254763846904
2069,0.41323875524711345
2070,5.236284440531818
2071,-4863.907712333345
2072,-10086.298252777786
2073,-0.1675485988608577
2074,0.27863358686302264
2075,-0.6986874718302356
2076,180.11434543948465
2077,-0.8521317000192371
2078,-1.29038733449101
2079,0.91915320040444215
2080,1.291564861519185
2081,-1.1798310412505812
2082,0.1752173411053814
2083,1.8906057327231998
2084,-1.3955532965360362
2085,0.46797692454336187
2086,0.6663362863391445
2087,-0.7867013995742119
2088,2.6029982822006072
2089,-0.23787009519708407
2090,79.78761100000003
2091,-9960.355290222227
2092,0.5152723242611982
2093,-1.483370967817622
2094,0.28843180027838705
2095,1.7117141214263305
2096,1.3432769969604326
2097,-0.3454067274133024
2098,-0.7849599636867888
2099,5.279804563313596
2100,-1.384978373282088
2101,-0.2892013413827502
2102,-7226.9459511111145
2103,-6084.651202111107
2104,0.4818853730833354
2105,-4836.98537266666
2106,426.73585788889005
2107,1.0463206148333177
2108,0.5243916627740092
2109,0.22056792181823542
2110,-11550.956353111083
2111,-11705.897633777773
2112,-0.29285632767130476
2113,0.511059127941987
2114,-13519.043066999997
2115,0.4757347323921574
2116,-0.24337683735001023
2117,-1.5927839806729132
2118,2.93418662931757
2119,1.5946660732830642
2120,-0.37029547460038015
2121,1.9147403650503774
2122,0.19972177898420937
2123,-0.2854946583068914
2124,-0.22656697142387608
2125,-12415.523483111121
2126,-429.7921043333331
2127,0.15524053612509267
2128,-10237.788689222189
2129,0.9471017227039306
2130,0.0743805319171682
2131,-0.2090741060193464
2132,0.6676115736043828
2133,-0.49178673460702205
2134,-0.6450468866271383
2135,0.3643997406079055
2136,-9356.035055444425
2137,-14411.531530333315
2138,-0.24285726275165953
2139,0.20509927095694835
2140,0.27656746999467685
2141,-0.2729666618704279
2142,0.7532950225878466
2143,0.609891310579013
2144,3.8711270648937846
2145,1.1343124260985213
2146,-0.21255877895391076
2147,-6805.054194777778
2148,-6291.517850125201
2149,0.6132876348609295
2150,-619.4922755682709
2151,-10092.88031877776
2152,-3973.244227222221
2153,-0.5344446445975416
2154,-30422.10059588897
2155,0.7707443464404959
2156,1.3048525734489882
2157,-0.8876608145641572
2158,-8557.474198111107
2159,-0.5981297290996558
2160,1.3414822991714341
2161,-0.00546542479607765
2162,-0.5568913404141304
2163,0.5244536789763302
2164,2.1990758312691203
2165,-0.23959745327114446
2166,0.11350113482207659
2167,1.6079361413587854
2168,-17339.18565255552
2169,-0.3786051630912704
2170,-0.7907623243481811
2171,-0.27404816066476495
2172,0.6369795266857116
2173,-0.2735285549328966
2174,-11213.123092111126
2175,1.1773824374010518
2176,2.0932544224599963
2177,-0.5410257798012416
2178,0.08004874316684954
2179,-0.022112306053581866
2180,-1.2225647912231816
2181,-0.19966019867656093
2182,-11979.609337
2183,-0.2524143200347917
2184,-0.5410447130860601
2185,-3.1309623279651464
2186,-0.6026480818427606
2187,-1.1268189213306345
2188,4994.387006555567
2189,-1812.8697091111126
2190,-2.0864703778570246
2191,-0.6618527771721083
2192,-8933.615322999978
2193,-0.9808796909708026
2194,-3504.1629822222276
2195,24.45303737433712
2196,1.8036093553997647
2197,-0.39827580215145336
2198,-0.6133385360829317
2199,-0.5468297096939086
2200,0.9700249652677777
2201,-1475.1496160000017
2202,1.0000208736378802
2203,-8562.40704488886
2204,0.5564635431983587
2205,0.1201398764814986
2206,0.08567354861717166
2207,0.3712933007726715
2208,0.2705458117901696
2209,0.9625271083199319
2210,-0.4817831023146358
2211,-0.44531343794230127
2212,-0.5389593555526648
2213,-8936.10564088887
2214,8.014467124870174
2215,-0.109409408291452
2216,1.1165723052795178
2217,-0.5224801687944531
2218,-1.604787663151334
2219,-4790.4649871916445
2220,-1.3931650045045108
2221,-0.06241305556085712
2222,0.33605056177101383
2223,0.17941794940441003
2224,0.7783371951100595
2225,-0.11462277589744116
2226,1.214732572221862
2227,-5227.365275222207
2228,-0.2001340560955886
2229,0.0012936075598357238
2230,0.00495870346093293
2231,-2819.3074505555555
2232,0.7514692347760287
2233,-11900.920821444439
2234,-0.5805623480904444
2235,1.049068445425229
2236,-26178.510904666677
2237,-1.5496363452601074
2238,1.2641415983277149
2239,1.4949056321397938
2240,-0.8439812359156723
2241,-3.078091475533556
2242,-639.6236661111114
2243,0.09409825948213707
2244,0.6884065227348172
2245,1.3544159295188134
2246,5.880102817163004
2247,1258.6312543333358
2248,-0.5805307775206379
2249,-4100.814903444441
2250,-0.017793675239774223
2251,0.7852827254824101
2252,0.2553699251632422
2253,108.19845544444442
2254,-8190.07177633332
2255,0.7489805875014531
2256,0.5489643103827457
2257,-17077.736581000012
2258,0.9634244134116102
2259,-0.12616884122482785
2260,1.3643744263789004
2261,0.9094856914898982
2262,-5168.569583555558
2263,0.12620373735259297
2264,-1.2340460308162484
2265,-0.573352341074461
2266,0.4335773427161239
2267,0.8489445778276907
2268,-0.3048427576204425
2269,0.39281915768607395
2270,0.08046655056123703
2271,-0.2652891008668888
2272,0.49227084603419363
2273,1.3231399886881783
2274,-35352.16044422221
2275,-0.9385474253915987
2276,-17329.452102222203
2277,-1.1387994752423038
2278,-8632.725981
2279,-2013.5465982222254
2280,-0.06525782275114803
2281,-0.8622344104695254
2282,-3466.5784633333296
2283,0.6432855055748905
2284,-0.24340772887481202
2285,1104.3136546902167
2286,-0.34013516155226636
2287,0.44491928354787375
2288,0.06391896596990411
2289,0.7945124270545341
2290,-1225.9085458888883
2291,1419.7941451358065
2292,-0.6913983928930029
2293,0.36810069485776786
2294,-0.06700406421995146
2295,-4720.030936888892
2296,0.16241727648704388
2297,0.2562430565056394
2298,0.23161949380367547
2299,-0.3871337781616697
2300,1.1822414668532126
2301,-189.446121222222
2302,-0.04910629755045172
2303,-21.870999153003474
2304,-14014.988863444472
2305,0.9008128452684302
2306,-3380.2642864444424
2307,0.896988948796634
2308,1.6122967303048348
2309,0.647844925516075
2310,0.3329603637151648
2311,-3301.678280111095
2312,-7029.2004910000205
2313,0.7091244079369805
2314,-2.6027547115647844
2315,-25030.651603999962
2316,-0.25058030330195413
2317,-1.1166699570427936
2318,0.5833153662066136
2319,664.3308775555569
2320,0.10385604992891308
2321,-0.2181705630853248
2322,-0.5453620379565297
2323,-0.13053970810400645
2324,0.12796770752642556
2325,-0.8130835879669828
2326,0.515996011950504
2327,-4580.17187755556
2328,0.372289240906142
2329,-0.5413925520948428
2330,-1.246548633838832
2331,0.3364118357919924
2332,-0.27031169843019126
2333,0.14575574285590345
2334,-2198.1424040000024
2335,-0.03334345457320076
2336,2074.8239219063516
2337,-20358.3799108889
2338,0.4227918829057218
2339,2.0946644410838666
2340,1.9103099535533947
2341,0.9180768162964797
2342,-3763.2906364444393
2343,-4970.595340555559
2344,-1.1625023053107164
2345,0.48553364691163137
2346,-9310.196490555549
2347,0.3432062268603764
2348,0.4987439275781528
2349,247.625720123349
2350,-0.9391857736619402
2351,0.7132360833056003
2352,-9705.145716666653
2353,-0.3424715086618316
2354,-1528.7653493333332
2355,0.09233577986671326
2356,-1797.277915444447
2357,-31411.77489577783
2358,1.276337115094441
2359,-7869.507165777796
2360,1.0147542265362866
2361,-0.4298435163250791
2362,-0.18517410131928852
2363,-18254.891430777774
2364,0.9400836172485462
2365,-0.9192089366566916
2366,1.3997777902488282
2367,0.0546698772199217
2368,1.1142897122626516
2369,0.324047187128926
2370,-2575.1012842363175
2371,-4366.287565888892
2372,-11515.669493000003
2373,3.1160899256530668
2374,-1.628046097941807
2375,-8675.107106444431
2376,-1375.6028264444465
2377,-0.16195316804058676
2378,-1727.3533536666691
2379,-1.9305644535909863
2380,-0.08212980027731137
2381,1.200123109682109
2382,-3042.16459566667
2383,-0.9649578394207026
2384,0.41001839645155436
2385,0.029381566516054235
2386,0.5375955742090495
2387,-0.8100399831024037
2388,-1912.9673232222203
2389,-1947.9791258259497
2390,-7602.961822777769
2391,-0.6873698172350993
2392,0.48138949598202224
2393,-0.8060246303402352
2394,-1192.6327441111077
2395,-9210.315859333345
2396,-0.44519470459239185
2397,-0.7172742863678483
2398,0.30842926279381433
2399,-4.284815310565317
2400,-1.1243359453270014
2401,-20393.987714695897
2402,520.0690501111102
2403,0.8354541960497966
2404,-0.549863049033493
2405,0.6691099578620513
2406,-0.13799791025614278
2407,-0.11811041319644862
2408,-1.1046152060531707
2409,-6900.856853111099
2410,0.4912501436917847
2411,-4646.448103111107
2412,-4181.244985444443
2413,-0.911528226175577
2414,0.6411881624720915
2415,-5842.222395333331
2416,-3970.386385000001
2417,-0.35898043610688923
2418,-0.6516646881931318
2419,-0.21584046841354454
2420,-1.2143942979950562
2421,0.3977050678403375
2422,0.7190763139757038
2423,-0.5813836635606816
2424,-4122.7148301110965
2425,1.655543633013311
2426,0.8855011335871277
2427,0.16715386892754586
2428,-1.3172736385579829
2429,1.0108393633286803
2430,0.04750294299199089
2431,-0.27893937222683307
2432,-9156.183180222235
2433,0.44561193185370146
2434,0.4534947947482989
2435,-3392.4881220000016
2436,0.16714537813742222
2437,0.7598235525863458
2438,-651.5719383221319
2439,0.8784370030564232
2440,-0.32981707538100424
2441,-1976.1480107777768
2442,-13967.50905766665
2443,1.0208204512818468
2444,0.19057594502646846
2445,0.5999549705109238
2446,0.48258816734235077
2447,0.35843161532000073
2448,-0.6436879850777486
2449,0.32853102020885555
2450,2.438305150930192
2451,-6062.177068111112
2452,0.8370491164855312
2453,0.6895760550538766
2454,1.0833970615790127
2455,0.2195447079425711
2456,0.2795787472856292
2457,-0.5367368946950786
2458,0.12272575815515563
2459,-0.11969932836073621
2460,0.12472032122116032
2461,0.07430986488307358
2462,-4540.063248222233
2463,-2274.267676666664
2464,0.2827023069015038
2465,-0.15199281174033683
2466,0.5602972077286277
2467,-12968.897233222204
2468,-0.48362465898565205
2469,1.0831329890636041
2470,-727.921268444447
2471,-0.5712325179248299
2472,-5265.7955355555705
2473,-2.1986640729498697
2474,-0.2844131358563866
2475,-0.6705443004956937
2476,0.022777572965054404
2477,12.48334777777793
2478,-1.2579887275120831
2479,-14638.491513888936
2480,0.6960892137750064
2481,-14445.032044666677
2482,0.09843428400791122
2483,4392.535387509406
2484,-3406.947055888892
2485,0.9412491904773463
2486,2.1229748023660657
2487,0.5579682447163222
2488,0.5219127147886219
2489,-0.11955430040643514
2490,7.552609865196455
2491,0.797146453143728
2492,-0.4133795794654511
2493,-4280.621257111116
2494,0.19346602509727742
2495,-4732.389070222216
2496,2.0150603607280644
2497,-35481.4234094445
2498,-34658.64650077768
2499,-0.05173695349391423
2500,-5601.752962777772
2501,0.08485918756683061
2502,-0.24821778276484505
2503,0.7260756468570125
2504,-15184.17427799997
2505,-13390.699390888914
2506,0.6078941912571053
2507,0.4137233843330812
2508,-7189.11878077781
2509,-9497.861511999998
2510,0.44644479591250835
2511,-2849.484870333333
2512,6.4225406833410235
2513,-6146.462574222223
2514,-5063.873891000005
2515,-1600.103976888887
2516,-0.5161600823529736
2517,-2.2841191282304703
2518,0.45897507583578023
2519,-0.38428905183882384
2520,-0.4992375100230201
2521,-3955.214360222224
2522,0.9284053081795722
2523,0.2846082521955979
2524,-0.16970067404917297
2525,-0.39188867289278756
2526,-0.9401290934539167
2527,-0.6096030764800432
2528,-0.8035343325241172
2529,567.3577796666672
2530,-0.06098355967370342
2531,-0.016157771560581333
2532,-3.2511462907126885
2533,-0.4004371614027201
2534,-3.2936417471566735
2535,0.7733408216136363
2536,1.1750589788310475
2537,-2441.7004007472
2538,1018.4415384444427
2539,0.755507037694932
2540,114.20242133333326
2541,-23276.776257222264
2542,-1606.7662441111142
2543,0.9058044857055236
2544,0.13637534463794665
2545,-12367.033028333346
2546,-3696.8874068888813
2547,1.476266626123659
2548,1.6392980655339273
2549,-4227.492234777777
2550,-6315.521015999998
2551,7.4193273155838595
2552,-0.5111417144547653
2553,-0.546509856928767
2554,-0.04638555799880612
2555,-0.03801189338297391
2556,-15302.738307666647
2557,-1.8375789224324086
2558,-0.6958620860632204
2559,-4645.52516288889
2560,0.4741237515576517
2561,-9553.74108677776
2562,-12465.314669000012
2563,0.1934233404173472
2564,-6603.478300222251
2565,-0.040874515911974496
2566,-13996.806664555537
2567,-0.5486096198982908
2568,-10235.12164444443
2569,1.206474209904568
2570,-0.7846078683452896
2571,0.5570229507385465
2572,1.0445295459190127
2573,1.2091649855823674
2574,-0.7096704434142803
2575,-8017.980140888911
2576,0.1273504365724537
2577,0.5321741989751654
2578,-584.3307355555567
2579,-0.004360138141722657
2580,-0.20243525108384522
2581,-0.3976353234469841
2582,-17434.767352777766
2583,19.427472581756586
2584,1114.8245138888876
2585,-4859.50868711111
2586,-0.2539759972666121
2587,-0.39850921612609286
2588,-733.3927336666682
2589,0.5472314926488836
2590,-0.4080426036261224
2591,0.06814298102810537
2592,-1.3156716367849222
2593,-0.10754031677454866
2594,0.3474569082444131
2595,-3977.980484444437
2596,0.31390428860466096
2597,2.255036332774524
2598,782.9092247777755
2599,0.03163216697375446
2600,-10179.825163111089
2601,1.4785539846832836
2602,0.24344809657134492
2603,0.1773747046799463
2604,0.05543863378116889
2605,-2386.0845473333366
2606,0.014626627228942844
2607,-0.8251632530137505
2608,-9998.957022333307
2609,-0.2666321919663742
2610,-957.0615290000032
2611,1.0385802254820347
2612,674.9616093333325
2613,-14829.292754666641
2614,0.6664055494521565
2615,-0.0042675625035865725
2616,1.4896597586448692
2617,-15759.45143144446
2618,0.04375176908752709
2619,-17996.078707666657
2620,0.09999853787159675
2621,-748.7977386666666
2622,-3380.0676705555543
2623,1.1323167455176602
2624,-0.29970658275650686
2625,-0.2702101412156384
2626,-12078.296555666673
2627,-0.9399896352786833
2628,-28576.98597400003
2629,-0.21948537785900366
2630,0.6127521726168652
2631,0.8779716303530698
2632,-0.19596150621076075
2633,0.3372075213052927
2634,1.3633344799947944
2635,1.5725982933136138
2636,0.5168226624007966
2637,0.11202047920095927
2638,-3533.6636004444417
2639,-20552.17219588888
2640,-432.6862457777776
2641,-7362.305951111134
2642,-1.4965324397326603
2643,-25061.367391555552
2644,0.8302308740385649
2645,-1.0204643452174584
2646,-5817.184413222222
2647,-1146.3604404444407
2648,0.7981342650432449
2649,0.2734111716565624
2650,-0.4463222444530965
2651,1.2875049984971767
2652,1.4969961501816622
2653,-937.4603405555569
2654,0.6406628772805163
2655,-1.0097903683946465
2656,0.9831653058119751
2657,1.4158367295711012
2658,-20038.28671688892
2659,-37418.294979555496
2660,-1.076265580178277
2661,0.8262927478629588
2662,-0.4753880635848078
2663,0.1328305611974563
2664,-0.1647774466512708
2665,-10669.963378222223
2666,-2119.494919333335
2667,-0.19040730018368124
2668,-1.6051720807998102
2669,0.5339203985608969
2670,-3472.675445333334
2671,-0.43945031034051346
2672,-8260.33931199999
2673,-0.4262586133486268
2674,-840.7899582222195
2675,-5166.032227666662
2676,-0.9461581745566486
2677,1.0215344205593246
2678,-2321.8077275555543
2679,-5262.216872222228
2680,-20886.42145255557
2681,-0.2738776520345749
2682,0.19965802731488005
2683,3.973805903754414
2684,-0.4195070574528143
2685,0.5606931991532603
2686,1.1269950145851824
2687,0.5288505359086048
2688,-1.0143419662213513
2689,-415.82871933333377
2690,-0.1265367465781414
2691,-0.11093323481620927
2692,3.394493437823632
2693,-2.972412852511034
2694,-1124.6710776666664
2695,810.9023543333342
2696,-0.6917946697511442
2697,-0.406102327247423
2698,-4805.432769111107
2699,-2.728664273938963
2700,-1.514648842220794
2701,-0.4491397245972533
2702,-1009.2678333333305
2703,0.06805595515558299
2704,0.38646282242462365
2705,-1.7050618598834897
2706,-0.5740468015661665
2707,-174.41824822222176
2708,904.4548057777769
2709,0.9304974975494504
2710,-0.2551646266695761
2711,1.0181475406740914
2712,0.2908739690874541
2713,-0.3388386383897765
2714,-5639.759776333334
2715,-3676.7830808888843
2716,-7348.206456555546
2717,1.8544969739914334
2718,-0.21738548303889882
2719,-4104.8666001111005
2720,0.3614812848780449
2721,-0.2876292700942162
2722,-0.7077681955415281
2723,0.7336989617646922
2724,0.5409203207043192
2725,0.34787338642331594
2726,-11449.966386111131
2727,-1.5111759017253295
2728,0.6710451844335653
2729,-0.3960558697115202
2730,-4907.974244333334
2731,-0.28185698018441707
2732,-22792.674625444433
2733,1637.7343598888892
2734,-5369.231163444435
2735,0.7895338692586192
2736,0.39073403421051295
2737,-0.41560600556621863
2738,-0.11369952193652706
2739,0.42849012787290225
2740,1.4160883516600953
2741,0.6748417575059413
2742,3.0302669701437934
2743,-8063.9190477777865
2744,0.049765973535823044
2745,-0.907675784391494
2746,-0.25943153833700044
2747,-1.4009278171416286
2748,0.2881901748980445
2749,-8700.280220444452
2750,0.10346976100318107
2751,0.2142417355537909
2752,-356.1684038888888
2753,-0.39602741143709785
2754,-12997.951077000007
2755,-0.6857547799799928
2756,-2479.2214330000006
2757,0.9726903201423117
2758,-0.6230747703109242
2759,-0.2632294713802333
2760,0.22551736814690426
2761,22.774681222222167
2762,-0.17517607034946778
2763,-6986.781318777794
2764,531.5626671111104
2765,-0.44656568978454037
2766,-7240.306501111135
2767,-8180.715918777765
2768,-1408.4908396666624
2769,-0.4116648104269621
2770,1.1295057086629519
2771,0.7124579951060694
2772,0.6643826446741639
2773,-23317.92619155557
2774,-0.4990610282502538
2775,-17800.486953333308
2776,-8800.390312888878
2777,0.9041990679131628
2778,-2323.7856848888914
2779,-0.3669504859870637
2780,-1.2139795622055651
2781,0.05376045990019216
2782,-0.47477961979842487
2783,1.2260784637473798
2784,0.5276530520544178
2785,0.18180955440251276
2786,0.9102862232201182
2787,-7361.766270444461
2788,0.3797986997115848
2789,-1.555261754428196
2790,-839.3494423063008
2791,-34084.82647444444
2792,1.2480151232399566
2793,-6982.134149536324
2794,3248.4954482222174
2795,1.5702156418853073
2796,-1.0034450637036385
2797,-1.780662300993837
2798,0.18543914709293893
2799,-8776.056436333312
2800,0.5925290231783427
2801,0.2352266917104926
2802,-0.4627964145301921
2803,-3868.502762111099
2804,-1.0645877322482553
2805,-0.2938461831511693
2806,0.9616190905202396
2807,-8340.27608355556
2808,1.3423748324552944
2809,33.017743444444555
2810,1.965353627501162
2811,-17060.549520222216
2812,4608.201287666654
2813,-0.1939048542796789
2814,-0.6363044434120259
2815,-0.6838529188139922
2816,-1223.39863
2817,-18326.96595366672
2818,-0.36932445271543407
2819,0.43511993740785326
2820,1130.5979895555552
2821,0.07741928927715662
2822,-7832.364500666662
2823,-30526.270593555524
2824,0.06114796523736535
2825,7.956839805279065
2826,0.1637766111675341
2827,-0.1335605118795984
2828,-2705.1134006666634
2829,0.5272904593489307
2830,0.4520522962535436
2831,0.14034815467219974
2832,-0.3882135302508071
2833,-2261.9413490000034
2834,-0.04488608592595362
2835,-8749.14759277779
2836,0.30297529716113647
2837,-40.937466111111114
2838,1.309317263820657
2839,-0.1403899504750623
2840,-882.9781777777763
2841,-5980.97440244445
2842,-0.25013075647523686
2843,0.5175971513015861
2844,-0.12985071791062336
2845,-0.27438208176093204
2846,-1.7671830466698717
2847,-1021.5219624444434
2848,0.19841385530342015
2849,-0.05630696836758733
2850,1281.1789675555588
2851,0.6419840743102166
2852,0.326751059161865
2853,1.0951862286195777
2854,0.5634745372878998
2855,-0.5258593976777364
2856,-0.12867033086821883
2857,1.1401660971338277
2858,-131.8126774444447
2859,1.2629802247059156
2860,-2913.5256663333325
2861,4.3306223444444285
2862,-0.8479324223501981
2863,970.6880975555573
2864,-1.0738656811489573
2865,232.31288843096775
2866,-0.15954326482803807
2867,-0.764625605234316
2868,-0.8805870054099898
2869,-1.2957015826759535
2870,0.15397467816680405
2871,-6616.043363888908
2872,0.8873955067705521
2873,-17268.41677166666
2874,-28710.49704211117
2875,-14898.399412777806
2876,-22083.2781503333
2877,-0.29803394497639296
2878,1.136377763071076
2879,-182.67465988888895
2880,-0.8000017692415613
2881,-0.2153940350869983
2882,-22.178372533713123
2883,0.1142315371630283
2884,-11660.886380444435
2885,0.7087541934408511
2886,0.3389962847681828
2887,-9382.529054111103
2888,0.7349432526012186
2889,-698.8299400000008
2890,-3502.1838405555554
2891,3218.4921283333288
2892,-0.7434211541821405
2893,5.293924149584218
2894,0.43938101518531253
2895,-0.37056778609838104
2896,-11484.19916755558
2897,0.5598061047966922
2898,-37159.06186777789
2899,459.3983557092871
2900,-0.7924629731596412
2901,-0.7309878775746965
2902,-1.1395966874318586
2903,0.15113647533459482
2904,0.11068798949522834
2905,-20891.803636362583
2906,0.37852376154309986
2907,-0.5327325174967643
2908,-16283.12923444437
2909,-0.18066423831258147
2910,-8168.021473222242
2911,-0.03303852489743434
2912,1.351827096449978
2913,0.5114202503177807
2914,-5117.197877444452
2915,0.3183076142965464
2916,1.7583032693976564
2917,96.99230600971495
2918,784.9262545555557
2919,-23851.639892333344
2920,-10411.019866222205
2921,0.10993527787117717
2922,0.2384427516869381
2923,-0.17962757395568071
2924,-0.15405724805143553
2925,0.08935292485343425
2926,-0.6109377007207573
2927,-14489.54848533335
2928,-20906.96348366664
2929,-1.3159455128898991
2930,-5350.366417333336
2931,1.5488786162652433
2932,-0.004483359357872889
2933,-248.7133956666664
2934,-0.03410854527507271
2935,-4086.9055905555524
2936,-3089.6214512222186
2937,0.2018337286478219
2938,0.2379005343607325
2939,-636.6252156666662
2940,0.4943029822261165
2941,0.1455813025513801
2942,-4129.844488333326
2943,1.0351171286808523
2944,-2107.909643111113
2945,-177.27977555555552
2946,-1548.6674308888905
2947,-0.7064062962194076
2948,0.5581058890804297
2949,-0.4148078977969115
2950,-0.6807397081826506
2951,-0.5895268800509793
2952,-3036.9463553333276
2953,-0.07909443266074344
2954,-0.26766722588441044
2955,-19957.108363333296
2956,-0.9874504761648872
2957,7.409830900075649
2958,-1.4055514406321472
2959,-1779.3940235555513
2960,-8323.812873888875
2961,-609.4139553333348
2962,0.6023030906209506
2963,-0.16380227163814998
2964,-0.49812497448447113
2965,-0.29649285406252246
2966,-0.6174422008219654
2967,-1.4046266602262885
2968,0.5940034546192449
2969,-0.1503191585264934
2970,3886.7693901581597
2971,0.014956761115871284
2972,0.3311732858278627
2973,-6444.135778316864
2974,549.1028705555549
2975,-8147.450399111096
2976,-1.4998013926311615
2977,0.21544136038719422
2978,-0.9763248268640994
2979,0.8512698394846592
2980,0.028727822614516847
2981,0.6662124902478012
2982,-0.934990981778892
2983,-0.41925567436299754
2984,0.7082591939369817
2985,0.8083346410911997
2986,0.09795528996577667
2987,1.1543212355306425
2988,-0.2513422335350194
2989,-0.3980937371840735
2990,-6953.406529666671
2991,-1.3589204864018312
2992,0.02431867603272787
2993,-10598.39134211111
2994,0.46612135395689264
2995,0.10138724888798532
2996,-0.301648125439745
2997,2701.094964191009
2998,-8227.515042000021
2999,-0.5619974948304917
3000,-0.6228408441975819
3001,-0.26488191867815347
3002,0.1979009057913842
3003,0.8793035280674114
3004,0.115934687130508
3005,-0.0658126459044905
3006,-0.3360222788674361
3007,1.4371882549639208
3008,0.6349043424656656
3009,-0.6924227533414463
3010,-1.5044880085889614
3011,-0.08087111373379764
3012,-0.7956801508546738
3013,0.46963219204902307
3014,0.6966844981373489
3015,0.10954771234230119
3016,-2839.3781838888845
3017,-1.2601247974585936
3018,0.39522626072196054
3019,0.09881181184791114
3020,-0.5328729487052799
3021,-0.08512447345507623
3022,94.34349055555576
3023,-0.5003972036047577
3024,0.41974359170361347
3025,-1.0925097766688352
3026,0.6785250878478292
3027,-3127.6887846666755
3028,-0.2923606331268172
3029,-0.302186070936572
3030,0.537175135204812
3031,0.3000670599420563
3032,0.2629793466204773
3033,-30.725786129906602
3034,-3190.3377753333302
3035,-7101.985262888891
3036,0.5110791484352948
3037,-14125.353033888889
3038,0.1466751998062964
3039,0.11177706899986449
3040,-19512.684540444487
3041,0.6120665177823472
3042,0.04091877333119812
3043,-3711.860986555551
3044,0.011831030820943509
3045,3.8671711711268064
3046,-6275.031511444441
3047,-779.8453420000018
3048,-0.5457682667287572
3049,0.15212537934440037
3050,0.3128022586244204
3051,-7348.503666777787
3052,-0.45681718760390816
3053,-0.07415218293178558
3054,-0.516136586255657
3055,-7429.364724333316
3056,-6939.633073333321
3057,-1.082539450382079
3058,-0.13535966439675107
3059,-26455.67703744447
3060,-7978.745324333334
3061,-917.4497777777791
3062,0.27681901817526294
3063,-5376.05652488888
3064,146.39475423190936
3065,-0.5247914814410348
3066,-1.4544801461730434
3067,0.8134510375990711
3068,-2618.571808333334
3069,0.015192461641349858
3070,-0.2547020537426379
3071,-0.08406002159796093
3072,0.34815099770200236
3073,-7167.496895555543
3074,-1.4453310775193844
3075,23.999600585070027
3076,-0.3793495707927146
3077,-0.1926516607133445
3078,-18876.71344255559
3079,0.23730820143128736
3080,-0.3017165380198725
3081,3.6596388560242565
3082,-9971.776728666691
3083,-0.5432803536835169
3084,530.1182316666668
3085,0.5298316184483851
3086,-0.12470607241893385
3087,-2.1509028609247207
3088,1.0115411258017282
3089,-9335.165299777776
3090,-3.03331415521895
3091,-0.722739431366273
3092,-0.08837866782925477
3093,0.7687690466748646
3094,-8664.388884888884
3095,-0.3120462170175777
3096,-5279.541777333343
3097,9.209595951201585
3098,-751.9473144444445
3099,159.728656111111
3100,1.0762574584635236
3101,-9746.33004722224
3102,-11337.112486444441
3103,-0.4403287005438681
3104,16.865891302642275
3105,-0.22783387850138706
3106,-10390.002141888901
3107,1.1306297555023554
3108,-1.7240992117268794
3109,-3186.1178123333325
3110,-1.7446641001191978
3111,-10372.813636666682
3112,-0.39211845665207995
3113,0.116797287326058
3114,-0.7986833443640848
3115,-0.05711469353886729
3116,-0.45273888654762734
3117,-0.7610458746251664
3118,1166.5589497777803
3119,0.3888616224157305
3120,0.7913035311361623
3121,-0.013465629054753936
3122,-0.011091827234372399
3123,-7493.193813888883
3124,-1.0443981755940435
3125,-16978.054786333327
3126,0.8170398986253407
3127,-4516.5319806666575
3128,-13437.14211244447
3129,-35934.842951555554
3130,-1456.6800133333352
3131,-1.4391003837358176
3132,0.011157661342766663
3133,-6349.770876555543
3134,0.8317113742061655
3135,0.41154680520889236
3136,0.6033618300848207
3137,-5196.35611
3138,-0.39198850588068157
3139,0.998771199310868
3140,1.5860063782250093
3141,-0.6250008358390391
3142,-9226.380738333353
3143,-0.08686303240099656
3144,-0.49313896453153144
3145,0.5550865163203602
3146,-24.83904859391858
3147,0.9581673355306441
3148,-0.2707578228464608
3149,-11866.679907555568
3150,-15858.3852698889
3151,0.25450268852929886
3152,1.5995075665378624
3153,98.7436164444443
3154,0.762436023133424
3155,-0.8627280816062796
3156,-2272.386409999997
3157,-13682.719621111088
3158,0.6916111448025578
3159,0.7190854827202996
3160,-1878.3392982222251
3161,-0.27270522845001455
3162,-0.03629629825649438
3163,1.010401639523111
3164,-0.268506901293805
3165,1.512978660356659
3166,-1.2477809123252241
3167,-1056.7553188888905
3168,0.750395498637616
3169,-0.5181605759428978
3170,0.381908399255986
3171,-0.773074860511948
3172,-30015.61186444449
3173,-3473.2662164444414
3174,-4581.376178666664
3175,-1.0341152526692312
3176,-19964.404603333303
3177,-0.019028300366393185
3178,0.6454174670028496
3179,0.6478344841616477
3180,-0.3982599866833189
3181,-3119.4037924444465
3182,1.8701145970392896
3183,-704.6347853333325
3184,-0.4335872894017938
3185,-1.1952299788181917
3186,-4544.818101777793
3187,-1.613294038385486
3188,0.11459914334391916
3189,0.01461397344994281
3190,-0.050886756325918055
3191,-4422.407522111119
3192,-2143.3239642222193
3193,127.97487388888952
3194,-0.560398847006697
3195,1.1351852584802464
3196,0.012486941816370292
3197,0.5895126698429491
3198,0.6076213774511529
3199,-0.058312818255024504
3200,-0.628145588360654
3201,0.13225092018358836
3202,-1.1222581859117668
3203,-6102.088782666683
3204,-15112.747847333374
3205,-6826.376347444445
3206,0.33665996332653575
3207,-7928.812041777795
3208,-18261.168591555495
3209,-18772.18739466664
3210,0.24518118210092182
3211,-0.6646056801450728
3212,0.4141813593779833
3213,-0.19153625018438164
3214,-16726.05089233334
3215,-22991.690391222255
3216,-17614.25870400004
3217,-13019.018217222243
3218,-9307.484282333306
3219,-12025.671306222222
3220,-29892.40608433326
3221,-12805.400035444458
3222,-21270.845809555583
3223,-17629.97997088887
3224,-7141.459244111117
3225,-28657.67463077775
3226,-6273.701894444437
3227,-1981.395045555558
3228,-10805.951648000011
3229,-8999.736835333302
3230,-9050.88351944445
3231,-12354.550975444454
3232,-9475.10129177777
3233,-24210.477395777736
3234,-2455.261816
3235,-1545.4222544444426
3236,-4874.5584001111
3237,-6641.406153888891
3238,2008.866172888894
3239,-2170.0786084444435
3240,-7387.119337666687
3241,-12857.926877666652
3242,-27138.189622888895
3243,-7036.701593333336
3244,-19011.061323222253
3245,512.0483580000006
3246,-6082.026470222208
3247,-7825.952177111117
3248,-7130.49750355557
3249,-18865.70145211108
3250,539.5414169608171
3251,-8950.286635222204
3252,2744.062158301444
3253,-6907.037646444449
3254,-1829.6762988888886
3255,-2101.654938333335
3256,-2525.7827265555566
3257,-16383.447684666624
3258,-4115.188422888889
3259,-21021.320831999965
3260,-12248.610624888903
3261,-8248.693329888898
3262,-22701.649434666757
3263,-16940.420060777786
3264,-4884.621163666658
3265,-6466.061204333324
3266,-22562.863092333348
3267,-8120.631245333337
3268,-13462.345352777795
3269,-20374.265348888894
3270,-12295.536505222231
3271,-8957.333546555528
3272,-245.06527872469826
3273,-2068.770896888895
3274,-1049.7135512222208
3275,-16740.991654222224
3276,-3716.613586999994
3277,-7703.559767555557
3278,-21088.17550011118
3279,-1034.8150923333333
3280,-4297.223667777775
3281,-9862.171577333294
3282,-20959.579693
3283,-4154.622115888898
3284,-7329.384654111106
3285,1430.5993240000034
3286,-3401.795540666666
3287,-852.2339325555567
3288,-5157.396021444436
3289,-6273.1697330000015
3290,-30161.933550777732
3291,-1183.7512752222224
3292,-6928.785932888892
3293,-12790.369449000025
3294,-26091.47821655559
3295,-5051.447292999999
3296,-6364.692169444458
3297,-16844.02302222223
3298,-13590.841159555532
3299,1033.3591662222198
3300,-779.0156948719005
3301,-17808.853463000043
3302,-1390.8819271111115
3303,-9240.401307777778
3304,-6875.043159666664
3305,-10082.995796222225
3306,-4086.336091555562
3307,-4058.777704999992
3308,-28919.414491777694
3309,-13878.244452777762
3310,-1921.5359024444483
3311,-5744.9971030000015
3312,-8657.955362333307
3313,-15094.442128222227
3314,-7505.262507444425
3315,-3815.08984766667
3316,95.34096255555566
3317,-7283.598862444448
3318,-10292.52127422219
3319,-5183.569187222221
3320,-4691.649046888887
3321,-4932.265996222221
3322,-2900.839259777779
3323,-13452.291309444447
3324,-12330.536557555579
3325,-9786.431079444446
3326,-7002.839877777794
3327,-17661.27325655556
3328,1499.784122
3329,-4158.023339000004
3330,-29388.014328555564
3331,-28503.200975999986
3332,-18252.75374399999
3333,-7707.47287122221
3334,-7906.617368111105
3335,-2797.08947755555
3336,-7954.812549333339
3337,-8493.35716955557
3338,-13589.527956555572
3339,-28297.869243666737
3340,-27445.736905777823
3341,-13133.573572777763
3342,-7963.7667988889
3343,46.67100788888866
3344,-4803.148967666673
3345,-460.9372709217209
3346,-20980.28412433333
3347,-13676.497784333344
3348,-5891.487754222223
3349,-21203.32079066666
3350,-3897.0547982222215
3351,-10635.156179666701
3352,-5569.337325111101
3353,-8181.370286666665
3354,-34716.10810855556
3355,-1676.8212521111118
3356,-2653.1610234444424
3357,-2340.5092336666617
3358,-9674.390343333347
3359,-29801.90588588889
3360,-1541.015708999997
3361,-29696.60086288888
3362,-10151.876405333305
3363,-1498.3875125555517
3364,-14276.444199888885
3365,-8653.077280222245
3366,-8741.851057444437
3367,-17638.085666444436
3368,-5224.413463222223
3369,-396.64994033333426
3370,-1439.1435243333333
3371,-3419.8519788888766
3372,-15849.977454666627
3373,-1501.8129462222234
3374,-13791.363097444488
3375,-2422.7988561111088
3376,-8376.929271777777
3377,-19245.539949
3378,-12334.951029555514
3379,-21327.95958777775
3380,-5236.6574461111095
3381,-1610.3717927777782
3382,-3440.036407444441
3383,3294.9118649063457
3384,-19160.24808611114
3385,-21247.367339
3386,-11077.713850444454
3387,-7904.348140000016
3388,-20909.568686777762
3389,-19410.390207888922
3390,-6458.6125830000055
3391,-34253.55706399996
3392,-12125.097505222204
3393,-3833.6767618888884
3394,-2628.681696222221
3395,-6934.417154333343
3396,-13258.902776111108
3397,-7630.87239555556
3398,-1482.332955333334
3399,-25890.802765444467
3400,-20307.860967555604
3401,-18170.161182444448
3402,-8627.721158222232
3403,-18281.184836888864
3404,-4469.536146222225
3405,1594.509095777781
3406,-14777.86871300002
3407,3432.37875310428
3408,3871.927769222214
3409,-5636.452500666668
3410,-12804.014356444433
3411,-6552.561473111113
3412,-13465.460272111088
3413,-3490.7478255555625
3414,-15102.156309777807
3415,-996.9760131667081
3416,-4669.1512031111015
3417,-13176.96702488887
3418,-23649.000805666656
3419,-8611.875825555566
3420,-4885.97778544443
3421,-9177.969844111118
3422,-17916.670080555574
3423,-20573.242490333367
3424,-13114.11166288888
3425,-5205.836270777763
3426,-18474.608384555588
3427,1055.3862061111104
3428,-2534.559134999996
3429,-1843.686638999999
3430,-15835.973730444426
3431,-9261.696678000008
3432,-19393.753058777707
3433,-23777.681280444493
3434,-1288.1990081111117
3435,-12634.410223666659
3436,255.83569899999983
3437,-8289.56210833335
3438,-21263.46978588898
3439,-5373.329075555561
3440,-23838.32452999995
3441,-2946.485727000003
3442,-8779.34592133335
3443,-1599.1410728888886
3444,-15488.232970999996
3445,-9604.363999666672
3446,-4592.239894444453
3447,-6196.898703888889
3448,-5580.569614666668
3449,-4323.541335777774
3450,-22508.201626888927
3451,-21572.712533333353
3452,-10254.45258033333
3453,-7883.517282222217
3454,-1270.53411366667
3455,-1609.0546000000008
3456,-26952.107617222206
3457,-12253.774763444424
3458,-4993.652000111114
3459,-20621.213898444465
3460,-2709.873814888883
3461,-20190.579871777772
3462,-11882.16174944445
3463,-20239.518119777782
3464,60.328019514875905
3465,-12088.959671111132
3466,-7509.588896333342
3467,-6599.127015777776
3468,-3247.8788529999947
3469,-11877.68697077778
3470,-7898.59191855556
3471,-1233.703045666669
3472,-6545.509213222228
3473,-1095.599099333334
3474,-30235.1358656666
3475,-3043.169104333331
3476,-7177.832130555556
3477,-138.4838263333335
3478,-3556.3128435555523
3479,-8197.404614111132
3480,1371.4052223333365
3481,-15634.09846777776
3482,-4920.206720111097
3483,-16688.215095222204
3484,-9076.836625777789
3485,-5111.208866777786
3486,-6052.399296444447
3487,-4405.892204222223
3488,-37437.799364333245
3489,-2268.5699811111112
3490,-6832.4589030000025
3491,-13697.708015111082
3492,-13088.099191000012
3493,-11689.550331555552
3494,-18053.566437555575
3495,-13338.524266666685
3496,-6894.875107
3497,-7421.397704666658
3498,-9800.473729999967
3499,-5162.584800999995
3500,-3922.3713621111183
3501,-15227.94607655564
3502,-3199.5535078888925
3503,-1028.8277160000011
3504,-227.6905942222222
3505,-6206.688746666668
3506,-13847.594982333401
3507,-6550.396001888892
3508,-8584.83038033335
3509,-6743.096209111107
3510,-8489.793474777769
3511,-9426.915492333304
3512,-6433.588333333336
3513,-6163.134128555566
3514,-9547.969160555542
3515,-2397.7892477777755
3516,-5383.204078777784
3517,-13616.251474666642
3518,-8731.339739999983
3519,-28641.383960777766
3520,-6259.678839444437
3521,-3450.899493888891
3522,-10831.333308444451
3523,-15462.855244888899
3524,-6503.512297444433
3525,-11593.577889666694
3526,-19818.686590222223
3527,-29831.80013222221
3528,-9598.066175111093
3529,-22449.849987555524
3530,-14310.867963555542
3531,-14711.35108933334
3532,-26591.598498888914
3533,-3198.5764211111123
3534,-13831.892187444448
3535,-4327.552448999996
3536,-5499.044989000012
3537,-28121.179784888976
3538,-3849.377726444436
3539,-24399.91264977775
3540,-5627.544514333335
3541,-8132.833607888896
3542,-21515.824793555585
3543,-9579.601439888915
3544,-5308.7058639999905
3545,-9422.905044777779
3546,-7758.4301003333085
3547,-10507.269257000013
3548,-10726.56998144447
3549,-765.5616010000017
3550,-244.86352644444452
3551,-6095.213966666663
3552,-579.657222889294
3553,-5799.93511633335
3554,-1879.604164888888
3555,-5663.476297111101
3556,-4338.188288444443
3557,-7399.728409333335
3558,-4807.344899888876
3559,-6730.408454999997
3560,-29399.709143777818
3561,-13955.042812888916
3562,-30416.99475411116
3563,-19203.57293100002
3564,-27361.064981555584
3565,-5724.596119111112
3566,-3942.3500795555647
3567,-6470.248491333329
3568,-28681.817609222282
3569,-4453.326018333327
3570,-20470.274506555572
3571,4830.2061320000075
3572,-12484.622188111114
3573,-18681.938630666624
3574,-7031.200358555554
3575,-14724.775194888914
3576,-12529.569221333337
3577,-6640.206813
3578,-7678.603074111125
3579,-11503.770111444428
3580,-3041.9789991111065
3581,-8556.224953111107
3582,181.0362254444448
3583,-8188.97423655555
3584,-23922.618530222244
3585,-13097.305410555586
3586,-23929.734636000037
3587,-17526.662923555567
3588,-28766.498419777807
3589,-8898.64038555556
3590,-12040.416580222234
3591,-5916.064559222224
3592,-6053.602020444436
3593,-1461.0644236666706
3594,-10983.40196611114
3595,2379.8204220174553
3596,-7288.6574153333395
3597,471.82932668748475
3598,-4637.903325999988
3599,-13342.82203922223
3600,-21434.22334044449
3601,-7893.445244666665
3602,-22362.12455811115
3603,-3378.6776816666643
3604,-17762.211485666645
3605,-11451.18369566669
3606,-9092.015761666686
3607,-2354.405681666671
3608,-364.5186255555564
3609,-13200.620244000023
3610,-14384.086566222204
3611,-6461.506531888891
3612,-4814.677899666674
3613,-15657.16954322226
3614,-3747.598106111098
3615,-825.9131258072254
3616,-33887.369964222155
3617,1268.5517922222232
3618,479.5039745555555
3619,-5668.107799333333
3620,-21299.872312555657
3621,-6306.122848333335
3622,-9156.052798888899
3623,-3138.8815982222236
3624,-19774.833197666634
3625,-1125.647231888887
3626,-9058.243383444433
3627,-7574.595354999998
3628,-3204.9036275555527
3629,-20225.540588111173
3630,-5337.145187444442
3631,-8070.956128444467
3632,-5426.646028333323
3633,-15898.638573999993
3634,-13197.150308888922
3635,-13815.659037555568
3636,-6601.392209888897
3637,-17744.24299855556
3638,-13545.822750111098
3639,-29888.898340555614
3640,-896.4816107777797
3641,-4925.34156422222
3642,-8675.144220444423
3643,-9337.75384922221
3644,-3876.6071191111014
3645,-11642.360184222196
3646,-3015.2752193333413
3647,-2558.111896888887
3648,-9866.903621666675
3649,-14770.777763000002
3650,-3902.8624444444417
3651,-10175.011045222189
3652,-15572.332227444465
3653,-5206.437678333336
3654,-5159.704590111119
3655,-22852.88587333333
3656,-13474.692031222241
3657,-308.46614766666687
3658,-20230.47235866669
3659,-19023.26978188893
3660,-7587.256929777776
3661,-2521.2635548888875
3662,-17484.655418222203
3663,1113.7533767777825
3664,-13072.42063677778
3665,-14153.701675888871
3666,-5135.277449555551
3667,2586.3046447777747
3668,-17158.794613555532
3669,-1833.915034000004
3670,-2609.295763888886
3671,-2125.4873483333354
3672,-7915.154841777767
3673,-7491.805284111134
3674,-16466.57924177779
3675,-13138.27319388887
3676,-421.61316899869786
3677,-14055.408076333291
3678,-3217.8211495555483
3679,-11823.641064666668
3680,-17422.974140666665
3681,-18472.141810222227
3682,-20062.909158777777
3683,-25248.60166255562
3684,-8005.982314000021
3685,-5378.8232562222165
3686,-11864.788215666655
3687,-10042.533258666683
3688,-10778.402273777783
3689,-11637.757185555545
3690,-13008.93928622224
3691,-18265.38983644444
3692,-23111.57686611102
3693,-6516.183699333323
3694,-13913.208420333342
3695,-37266.423557777904
3696,-26358.61080855562
3697,-8950.766574222249
3698,-1991.0734839999998
3699,-2094.0048808888846
3700,-13734.805976777789
3701,-6289.099758666657
3702,-6983.629595333332
3703,-17500.388065333314
3704,-6137.269807666662
3705,-12009.515873666676
3706,-13207.76268722222
3707,2289.8285784444415
3708,-5199.507951777777
3709,-12813.626905777768
3710,814.7059517777784
3711,-24314.93966711111
3712,-7473.5900600000095
3713,-17725.517855444414
3714,-22202.271500888874
3715,-19526.20280633336
3716,-4202.661359111116
3717,-15407.39973699999
3718,-7560.907104555572
3719,-13782.1013048889
3720,-5915.722600555563
3721,-8002.170621222248
3722,-9404.588896777776
3723,-7105.88636922223
3724,-7328.628784555558
3725,-9394.3335328889
3726,526.1567510000002
3727,-13125.033952666678
3728,-23312.5494885556
3729,-9538.060677555568
3730,-3389.5672097777824
3731,-6416.977088777774
3732,-30410.316458222256
3733,-5014.606987666665
3734,-29838.968164777765
3735,-20729.26709111107
3736,-12300.311934222223
3737,-4150.53465044445
3738,-12583.005520444412
3739,-550.2816594444446
3740,1231.9913404444474
3741,-9669.727820888867
3742,-16407.168022111116
3743,-30009.918750555556
3744,-8719.147506555557
3745,-566.1112812222218
3746,-29878.751431555538
3747,-8139.488136777773
3748,-4101.70755399999
3749,-6288.839386444436
3750,-12135.261334222205
3751,-13349.639329000023
3752,-4429.278282777781
3753,-11382.043462111085
3754,-7006.246323555566
3755,-22527.080870555536
3756,-27752.836299888968
3757,-4638.793578111106
3758,-10919.816485333346
3759,-6578.457122222231
3760,-13448.936677555586
3761,-13797.071276222154
3762,-8551.52006155556
3763,-12791.50580144444
3764,-7327.937158333338
3765,-3247.139276333337
3766,-613.7300882222228
3767,-8676.00066233333
3768,-5010.438192444459
3769,-20236.534545444556
3770,-6122.30314966666
3771,-5733.41804966665
3772,-7889.440199444462
3773,-12540.271990333304
3774,-4331.987451222221
3775,-5066.839757222219
3776,-17079.560531666677
3777,-5247.635303888873
3778,-7070.118794000017
3779,-7350.558091000009
3780,-16385.12544900001
3781,-4743.741023444444
3782,-4435.059849333335
3783,-7700.939420333339
3784,-2269.6822962222227
3785,1082.8522426666693
3786,-10508.167205111129
3787,-11613.582005333357
3788,-3700.424868333342
3789,-9553.613524444454
3790,-10164.704489777809
3791,-35349.99803511114
3792,-5052.583852111113
3793,-15140.595180444465
3794,-1463.2560972222223
3795,-2482.4682536666623
3796,-4249.4024722222175
3797,-17311.954026555537
3798,-4504.423761222236
3799,-19005.531050333273
3800,-15213.056538999985
3801,-3352.7752633333366
3802,-16381.407756444414
3803,-12320.183103777783
3804,-14211.12472022225
3805,-29785.121847666676
3806,-4157.07617
3807,-1293.074575
3808,-10586.485726111121
3809,-1285.2560677777778
3810,-30577.46571744445
3811,-5889.06144277778
3812,-3934.7823755555364
3813,-14278.455464666675
3814,-34779.48417066664
3815,69.91692122222231
3816,-7926.146925444423
3817,-3892.525175
3818,-6291.386997222218
